<?xml version="1.0"?>
<MediaFile xmlns:dt="urn:schemas-microsoft-com:datatypes"><Reports><Report><RenderTime>0</RenderTime><ProcessVideo dt:dt="int">0</ProcessVideo><ProcessAudio dt:dt="int">1</ProcessAudio><HasVideo dt:dt="int">1</HasVideo><HasAudio dt:dt="int">1</HasAudio><NumWarnings>7</NumWarnings><NumErrors>0</NumErrors><FilterBlocks><FilterBlock><ID>43824204</ID><Source dt:dt="string">{E436EBB5-524F-11CE-9F53-0020AF0BA770}</Source><SourceFriendlyName dt:dt="string">File Source (Async.)</SourceFriendlyName><LookupType dt:dt="int">2</LookupType><NumWarnings>1</NumWarnings><NumErrors>0</NumErrors><Connections><Connection><ConnectedToID>43825188</ConnectedToID><ConnectedToGuid dt:dt="string">{336475D0-942A-11CE-A870-00AA002FEAB5}</ConnectedToGuid><ConnectedToFriendly dt:dt="string">MPEG-I Stream Splitter</ConnectedToFriendly><Direction dt:dt="int">0</Direction><MajorType dt:dt="string">{E436EB83-524F-11CE-9F53-0020AF0BA770}</MajorType><MajorTypeFriendly dt:dt="string">MEDIATYPE_Stream</MajorTypeFriendly><SubType dt:dt="string">{E436EB84-524F-11CE-9F53-0020AF0BA770}</SubType><SubTypeFriendly dt:dt="string">MEDIASUBTYPE_MPEG1System</SubTypeFriendly></Connection></Connections><Messages><Message><Type dt:dt="int">1</Type><Number>1007</Number><Message dt:dt="string">Found file extension through AutoConnect.  Run RenderFile in CodecConfig to map the extension.</Message></Message></Messages><Pins><Pin><Direction dt:dt="int">1</Direction><MediaTypes><MediaType><MajorType dt:dt="string">{E436EB83-524F-11CE-9F53-0020AF0BA770}</MajorType><MajorTypeFriendly dt:dt="string">MEDIATYPE_Stream</MajorTypeFriendly><SubType dt:dt="string">{E436EB84-524F-11CE-9F53-0020AF0BA770}</SubType><SubTypeFriendly dt:dt="string">MEDIASUBTYPE_MPEG1System</SubTypeFriendly></MediaType><MediaType><MajorType dt:dt="string">{E436EB83-524F-11CE-9F53-0020AF0BA770}</MajorType><MajorTypeFriendly dt:dt="string">MEDIATYPE_Stream</MajorTypeFriendly><SubType dt:dt="string">{00000000-0000-0000-0000-000000000000}</SubType><SubTypeFriendly dt:dt="string"></SubTypeFriendly></MediaType></MediaTypes></Pin></Pins></FilterBlock><FilterBlock><ID>43825188</ID><Source dt:dt="string">{336475D0-942A-11CE-A870-00AA002FEAB5}</Source><SourceFriendlyName dt:dt="string">MPEG-I Stream Splitter</SourceFriendlyName><LookupType dt:dt="int">2</LookupType><NumWarnings>3</NumWarnings><NumErrors>0</NumErrors><Connections><Connection><ConnectedToID>43824204</ConnectedToID><ConnectedToGuid dt:dt="string">{E436EBB5-524F-11CE-9F53-0020AF0BA770}</ConnectedToGuid><ConnectedToFriendly dt:dt="string">File Source (Async.)</ConnectedToFriendly><Direction dt:dt="int">1</Direction><MajorType dt:dt="string">{E436EB83-524F-11CE-9F53-0020AF0BA770}</MajorType><MajorTypeFriendly dt:dt="string">MEDIATYPE_Stream</MajorTypeFriendly><SubType dt:dt="string">{E436EB84-524F-11CE-9F53-0020AF0BA770}</SubType><SubTypeFriendly dt:dt="string">MEDIASUBTYPE_MPEG1System</SubTypeFriendly></Connection><Connection><ConnectedToID>43839420</ConnectedToID><ConnectedToGuid dt:dt="string">{4A2286E0-7BEF-11CE-9BD9-0000E202599C}</ConnectedToGuid><ConnectedToFriendly dt:dt="string">MPEG Audio Decoder</ConnectedToFriendly><Direction dt:dt="int">0</Direction><MajorType dt:dt="string">{73647561-0000-0010-8000-00AA00389B71}</MajorType><MajorTypeFriendly dt:dt="string">MEDIATYPE_Audio</MajorTypeFriendly><SubType dt:dt="string">{00000050-0000-0010-8000-00AA00389B71}</SubType><SubTypeFriendly dt:dt="string">MEDIASUBTYPE_MPEG1AudioPayload</SubTypeFriendly></Connection></Connections><Messages><Message><Type dt:dt="int">1</Type><Number>1000</Number><Message dt:dt="string">Mapping not available for MEDIATYPE_Stream ({E436EB83-524F-11CE-9F53-0020AF0BA770}) / MEDIASUBTYPE_MPEG1System ({E436EB84-524F-11CE-9F53-0020AF0BA770})</Message></Message><Message><Type dt:dt="int">1</Type><Number>1008</Number><Message dt:dt="string">Found media type through AutoConnect.  Run RenderFile in CodecConfig to map the extension.</Message></Message><Message><Type dt:dt="int">0</Type><Number>1000</Number><Message dt:dt="string">1 Attempting to create codec: RDP DShow Redirection Filter ({AB9D6472-752F-43F6-B29E-61207BDA8E06})</Message></Message><Message><Type dt:dt="int">0</Type><Number>1008</Number><Message dt:dt="string">Filter is NOT a DMO</Message></Message><Message><Type dt:dt="int">1</Type><Number>1000</Number><Message dt:dt="string">Code Create Failed with 0x80004005</Message></Message><Message><Type dt:dt="int">0</Type><Number>1000</Number><Message dt:dt="string">1 Attempting to create codec: MPEG-I Stream Splitter ({336475D0-942A-11CE-A870-00AA002FEAB5})</Message></Message><Message><Type dt:dt="int">0</Type><Number>1008</Number><Message dt:dt="string">Filter is NOT a DMO</Message></Message><Message><Type dt:dt="int">0</Type><Number>1000</Number><Message dt:dt="string">Success connecting output to input pin</Message></Message></Messages><Pins><Pin><Direction dt:dt="int">0</Direction><MediaTypes><MediaType><MajorType dt:dt="string">{E436EB83-524F-11CE-9F53-0020AF0BA770}</MajorType><MajorTypeFriendly dt:dt="string">MEDIATYPE_Stream</MajorTypeFriendly><SubType dt:dt="string">{E436EB84-524F-11CE-9F53-0020AF0BA770}</SubType><SubTypeFriendly dt:dt="string">MEDIASUBTYPE_MPEG1System</SubTypeFriendly></MediaType><MediaType><MajorType dt:dt="string">{E436EB83-524F-11CE-9F53-0020AF0BA770}</MajorType><MajorTypeFriendly dt:dt="string">MEDIATYPE_Stream</MajorTypeFriendly><SubType dt:dt="string">{E436EB85-524F-11CE-9F53-0020AF0BA770}</SubType><SubTypeFriendly dt:dt="string">MEDIASUBTYPE_MPEG1VideoCD</SubTypeFriendly></MediaType><MediaType><MajorType dt:dt="string">{E436EB83-524F-11CE-9F53-0020AF0BA770}</MajorType><MajorTypeFriendly dt:dt="string">MEDIATYPE_Stream</MajorTypeFriendly><SubType dt:dt="string">{E436EB86-524F-11CE-9F53-0020AF0BA770}</SubType><SubTypeFriendly dt:dt="string">MEDIASUBTYPE_MPEG1Video</SubTypeFriendly></MediaType><MediaType><MajorType dt:dt="string">{E436EB83-524F-11CE-9F53-0020AF0BA770}</MajorType><MajorTypeFriendly dt:dt="string">MEDIATYPE_Stream</MajorTypeFriendly><SubType dt:dt="string">{E436EB87-524F-11CE-9F53-0020AF0BA770}</SubType><SubTypeFriendly dt:dt="string">MEDIASUBTYPE_MPEG1Audio</SubTypeFriendly></MediaType></MediaTypes></Pin><Pin><Direction dt:dt="int">1</Direction><MediaTypes><MediaType><MajorType dt:dt="string">{73646976-0000-0010-8000-00AA00389B71}</MajorType><MajorTypeFriendly dt:dt="string">MEDIATYPE_Video</MajorTypeFriendly><SubType dt:dt="string">{E436EB81-524F-11CE-9F53-0020AF0BA770}</SubType><SubTypeFriendly dt:dt="string">MEDIASUBTYPE_MPEG1Payload</SubTypeFriendly></MediaType><MediaType><MajorType dt:dt="string">{73646976-0000-0010-8000-00AA00389B71}</MajorType><MajorTypeFriendly dt:dt="string">MEDIATYPE_Video</MajorTypeFriendly><SubType dt:dt="string">{E436EB80-524F-11CE-9F53-0020AF0BA770}</SubType><SubTypeFriendly dt:dt="string">MEDIASUBTYPE_MPEG1Packet</SubTypeFriendly></MediaType></MediaTypes></Pin><Pin><Direction dt:dt="int">1</Direction><MediaTypes><MediaType><MajorType dt:dt="string">{73647561-0000-0010-8000-00AA00389B71}</MajorType><MajorTypeFriendly dt:dt="string">MEDIATYPE_Audio</MajorTypeFriendly><SubType dt:dt="string">{00000050-0000-0010-8000-00AA00389B71}</SubType><SubTypeFriendly dt:dt="string">MEDIASUBTYPE_MPEG1AudioPayload</SubTypeFriendly></MediaType><MediaType><MajorType dt:dt="string">{73647561-0000-0010-8000-00AA00389B71}</MajorType><MajorTypeFriendly dt:dt="string">MEDIATYPE_Audio</MajorTypeFriendly><SubType dt:dt="string">{E436EB81-524F-11CE-9F53-0020AF0BA770}</SubType><SubTypeFriendly dt:dt="string">MEDIASUBTYPE_MPEG1Payload</SubTypeFriendly></MediaType><MediaType><MajorType dt:dt="string">{73647561-0000-0010-8000-00AA00389B71}</MajorType><MajorTypeFriendly dt:dt="string">MEDIATYPE_Audio</MajorTypeFriendly><SubType dt:dt="string">{E436EB80-524F-11CE-9F53-0020AF0BA770}</SubType><SubTypeFriendly dt:dt="string">MEDIASUBTYPE_MPEG1Packet</SubTypeFriendly></MediaType></MediaTypes></Pin></Pins></FilterBlock><FilterBlock><ID>43827644</ID><Source dt:dt="string">{C1F400A4-3F08-11D3-9F0B-006008039E37}</Source><SourceFriendlyName dt:dt="string">Null Renderer</SourceFriendlyName><LookupType dt:dt="int">0</LookupType><NumWarnings>0</NumWarnings><NumErrors>0</NumErrors><Connections/><Messages/><Pins><Pin><Direction dt:dt="int">0</Direction><MediaTypes/></Pin></Pins></FilterBlock><FilterBlock><ID>43839420</ID><Source dt:dt="string">{4A2286E0-7BEF-11CE-9BD9-0000E202599C}</Source><SourceFriendlyName dt:dt="string">MPEG Audio Decoder</SourceFriendlyName><LookupType dt:dt="int">2</LookupType><NumWarnings>3</NumWarnings><NumErrors>0</NumErrors><Connections><Connection><ConnectedToID>43825188</ConnectedToID><ConnectedToGuid dt:dt="string">{336475D0-942A-11CE-A870-00AA002FEAB5}</ConnectedToGuid><ConnectedToFriendly dt:dt="string">MPEG-I Stream Splitter</ConnectedToFriendly><Direction dt:dt="int">1</Direction><MajorType dt:dt="string">{73647561-0000-0010-8000-00AA00389B71}</MajorType><MajorTypeFriendly dt:dt="string">MEDIATYPE_Audio</MajorTypeFriendly><SubType dt:dt="string">{00000050-0000-0010-8000-00AA00389B71}</SubType><SubTypeFriendly dt:dt="string">MEDIASUBTYPE_MPEG1AudioPayload</SubTypeFriendly></Connection></Connections><Messages><Message><Type dt:dt="int">1</Type><Number>1000</Number><Message dt:dt="string">Mapping not available for MEDIATYPE_Audio ({73647561-0000-0010-8000-00AA00389B71}) / MEDIASUBTYPE_MPEG1AudioPayload ({00000050-0000-0010-8000-00AA00389B71})</Message></Message><Message><Type dt:dt="int">1</Type><Number>1008</Number><Message dt:dt="string">Found media type through AutoConnect.  Run RenderFile in CodecConfig to map the extension.</Message></Message><Message><Type dt:dt="int">0</Type><Number>1000</Number><Message dt:dt="string">1 Attempting to create codec: RDP DShow Redirection Filter ({AB9D6472-752F-43F6-B29E-61207BDA8E06})</Message></Message><Message><Type dt:dt="int">0</Type><Number>1008</Number><Message dt:dt="string">Filter is NOT a DMO</Message></Message><Message><Type dt:dt="int">1</Type><Number>1000</Number><Message dt:dt="string">Code Create Failed with 0x80004005</Message></Message><Message><Type dt:dt="int">0</Type><Number>1000</Number><Message dt:dt="string">1 Attempting to create codec: MPEG Audio Decoder ({4A2286E0-7BEF-11CE-9BD9-0000E202599C})</Message></Message><Message><Type dt:dt="int">0</Type><Number>1008</Number><Message dt:dt="string">Filter is NOT a DMO</Message></Message><Message><Type dt:dt="int">0</Type><Number>1000</Number><Message dt:dt="string">Success connecting output to input pin</Message></Message></Messages><Pins><Pin><Direction dt:dt="int">0</Direction><MediaTypes/></Pin><Pin><Direction dt:dt="int">1</Direction><MediaTypes><MediaType><MajorType dt:dt="string">{73647561-0000-0010-8000-00AA00389B71}</MajorType><MajorTypeFriendly dt:dt="string">MEDIATYPE_Audio</MajorTypeFriendly><SubType dt:dt="string">{00000001-0000-0010-8000-00AA00389B71}</SubType><SubTypeFriendly dt:dt="string">MEDIASUBTYPE_PCM</SubTypeFriendly></MediaType><MediaType><MajorType dt:dt="string">{73647561-0000-0010-8000-00AA00389B71}</MajorType><MajorTypeFriendly dt:dt="string">MEDIATYPE_Audio</MajorTypeFriendly><SubType dt:dt="string">{00000001-0000-0010-8000-00AA00389B71}</SubType><SubTypeFriendly dt:dt="string">MEDIASUBTYPE_PCM</SubTypeFriendly></MediaType></MediaTypes></Pin></Pins></FilterBlock><FilterBlock><ID>106025228</ID><Source dt:dt="string">{E30629D3-27E5-11CE-875D-00608CB78066}</Source><SourceFriendlyName dt:dt="string">CLSID_TextRender</SourceFriendlyName><LookupType dt:dt="int">0</LookupType><NumWarnings>0</NumWarnings><NumErrors>0</NumErrors><Connections><Connection><ConnectedToID>43825188</ConnectedToID><ConnectedToGuid dt:dt="string">{336475D0-942A-11CE-A870-00AA002FEAB5}</ConnectedToGuid><ConnectedToFriendly dt:dt="string">MPEG-I Stream Splitter</ConnectedToFriendly><Direction dt:dt="int">1</Direction><MajorType dt:dt="string">{73647561-0000-0010-8000-00AA00389B71}</MajorType><MajorTypeFriendly dt:dt="string">MEDIATYPE_Audio</MajorTypeFriendly><SubType dt:dt="string">{00000050-0000-0010-8000-00AA00389B71}</SubType><SubTypeFriendly dt:dt="string">MEDIASUBTYPE_MPEG1AudioPayload</SubTypeFriendly></Connection></Connections><Messages/><Pins><Pin><Direction dt:dt="int">0</Direction><MediaTypes/></Pin></Pins></FilterBlock></FilterBlocks><Speeders><Speeder><Index dt:dt="int">1</Index><Micro dt:dt="int">127</Micro></Speeder><Speeder><Index dt:dt="int">101</Index><Micro dt:dt="int">105</Micro></Speeder><Speeder><Index dt:dt="int">102</Index><Micro dt:dt="int">7</Micro></Speeder><Speeder><Index dt:dt="int">151</Index><Micro dt:dt="int">1</Micro></Speeder><Speeder><Index dt:dt="int">152</Index><Micro dt:dt="int">0</Micro></Speeder><Speeder><Index dt:dt="int">161</Index><Micro dt:dt="int">0</Micro></Speeder><Speeder><Index dt:dt="int">162</Index><Micro dt:dt="int">1</Micro></Speeder><Speeder><Index dt:dt="int">171</Index><Micro dt:dt="int">75</Micro></Speeder><Speeder><Index dt:dt="int">172</Index><Micro dt:dt="int">0</Micro></Speeder><Speeder><Index dt:dt="int">200</Index><Micro dt:dt="int">-329249482</Micro></Speeder></Speeders></Report></Reports></MediaFile>
