Frecuencia,Orientaciondecimales,Categoria,Orientacion,FrecuenciaEspacial,tecla,Tecla,Training.thisRepN,Training.thisTrialN,Training.thisN,Training.thisIndex,Test.thisRepN,Test.thisTrialN,Test.thisN,Test.thisIndex,Instrucciones1.started,Instrucciones1.stopped,Instrucciones2.started,Instrucciones2.stopped,Instrucciones3.started,Instrucciones3.stopped,instrucciones4.started,instrucciones4.stopped,Instrucciones5.started,Instrucciones5.stopped,KeyRespPrueba.keys,KeyRespPrueba.corr,KeyRespPrueba.started,KeyRespPrueba.stopped,GratingPrueba.started,GratingPrueba.stopped,FeedbackPrueb.started,FeedbackPrueb.stopped,KeyRespPrueba.rt,ComienzoTexto.started,ComienzoTexto.stopped,key_resp_2.keys,key_resp_2.rt,key_resp_2.started,key_resp_2.stopped,grating2.started,grating2.stopped,keyrespTest.keys,keyrespTest.corr,keyrespTest.rt,keyrespTest.started,keyrespTest.stopped,feedback_2.started,feedback_2.stopped,Gracias.started,Gracias.stopped,image.started,image.stopped,participant,session,date,expName,psychopyVersion,frameRate,
5.75266988645415,0.981868948378523,A,98.18689483785231,0.02876334943227075,left,,0,0,0,0,,,,,24.88167869999961,36.568206299998565,36.568206299998565,44.23737279999841,44.23737279999841,53.32361129999845,53.32361129999845,66.84459359999892,66.84459359999892,None,None,0,71.04574819999834,None,70.94632559999809,73.94681239999773,74.04809249999744,None,,,,,,,,,,,,,,,,,,,,,FlorNoviembreIntegraciondelaInfo,001,2022-11-15_17h16.57.829,PruebaGabor2,2022.1.3,59.83022575200344,
5.63503896122014,0.942857344714462,A,94.2857344714462,0.028175194806100697,left,,0,1,1,1,,,,,,,,,,,,,,,right,0,75.23026629999731,None,75.13025559999733,None,76.13100579999809,None,0.8696865000019898,,,,,,,,,,,,,,,,,,,,FlorNoviembreIntegraciondelaInfo,001,2022-11-15_17h16.57.829,PruebaGabor2,2022.1.3,59.83022575200344,
5.75349902682942,0.976843040460124,A,97.6843040460124,0.0287674951341471,left,,0,2,2,2,,,,,,,,,,,,,,,left,1,77.314266399997,None,77.21440059999804,None,77.86624849999862,None,0.5298868000027142,,,,,,,,,,,,,,,,,,,,FlorNoviembreIntegraciondelaInfo,001,2022-11-15_17h16.57.829,PruebaGabor2,2022.1.3,59.83022575200344,
6.76753116765003,0.60647052076609,B,60.647052076609,0.03383765583825015,right,,0,3,3,3,,,,,,,,,,,,,,,right,1,79.06472329999815,None,78.9647745000002,None,79.6150639999978,None,0.5309523000032641,,,,,,,,,,,,,,,,,,,,FlorNoviembreIntegraciondelaInfo,001,2022-11-15_17h16.57.829,PruebaGabor2,2022.1.3,59.83022575200344,
5.64036966612441,0.946219449854496,A,94.6219449854496,0.02820184833062205,left,,0,4,4,4,,,,,,,,,,,,,,,left,1,80.79847099999824,None,80.69872819999728,None,81.48218400000042,None,0.6608270000033372,,,,,,,,,,,,,,,,,,,,FlorNoviembreIntegraciondelaInfo,001,2022-11-15_17h16.57.829,PruebaGabor2,2022.1.3,59.83022575200344,
5.76793716427588,0.991949304766192,A,99.1949304766192,0.0288396858213794,left,,0,5,5,5,,,,,,,,,,,,,,,right,0,82.66592859999946,None,82.56606149999789,None,83.18285199999809,None,0.49803090000204975,,,,,,,,,,,,,,,,,,,,FlorNoviembreIntegraciondelaInfo,001,2022-11-15_17h16.57.829,PruebaGabor2,2022.1.3,59.83022575200344,
5.7434200716108,0.977895959734118,A,97.7895959734118,0.028717100358054002,left,,0,6,6,6,,,,,,,,,,,,,,,left,1,84.36647409999932,None,84.26659629999995,None,85.09996259999753,None,0.7088163000007626,,,,,,,,,,,,,,,,,,,,FlorNoviembreIntegraciondelaInfo,001,2022-11-15_17h16.57.829,PruebaGabor2,2022.1.3,59.83022575200344,
5.7133165821624,0.9663998844466,A,96.63998844465999,0.028566582910812,left,,0,7,7,7,,,,,,,,,,,,,,,left,1,86.28349859999798,None,86.18354729999919,None,86.83392209999874,None,0.5205185000013444,,,,,,,,,,,,,,,,,,,,FlorNoviembreIntegraciondelaInfo,001,2022-11-15_17h16.57.829,PruebaGabor2,2022.1.3,59.83022575200344,
5.78340199446218,0.990336450824386,A,99.03364508243861,0.0289170099723109,left,,0,8,8,8,,,,,,,,,,,,,,,left,1,88.01761359999728,None,87.91761919999772,None,88.60129549999692,None,0.554437600003439,,,,,,,,,,,,,,,,,,,,FlorNoviembreIntegraciondelaInfo,001,2022-11-15_17h16.57.829,PruebaGabor2,2022.1.3,59.83022575200344,
,,,,,,,,,,,,,,,,,,,,,,,,,,,,,,,,,,90.10176199999842,None,space,2.0493816000016523,90.60266389999742,None,,,,,,,,,,,,,,FlorNoviembreIntegraciondelaInfo,001,2022-11-15_17h16.57.829,PruebaGabor2,2022.1.3,59.83022575200344,
5.62357944791498,,A,94.3698663452456,0.0281178972395749,left,Left,,,,,0,0,0,0,,,,,,,,,,,,,,,,,,,,,,,,,,92.78582319999987,None,left,1,0.6699727000013809,92.88572899999781,None,93.58950410000034,None,,,,,FlorNoviembreIntegraciondelaInfo,001,2022-11-15_17h16.57.829,PruebaGabor2,2022.1.3,59.83022575200344,
5.69097957372747,,A,96.07103723313219,0.028454897868637353,left,Left,,,,,0,1,1,1,,,,,,,,,,,,,,,,,,,,,,,,,,94.68554599999698,None,left,1,0.4659187000033853,94.78557860000001,None,95.26903689999745,None,,,,,FlorNoviembreIntegraciondelaInfo,001,2022-11-15_17h16.57.829,PruebaGabor2,2022.1.3,59.83022575200344,
5.70302277314696,,A,96.9982272857429,0.028515113865734798,left,Left,,,,,0,2,2,2,,,,,,,,,,,,,,,,,,,,,,,,,,96.35268129999895,None,left,1,0.45495500000106404,96.45272309999928,None,96.93629059999876,None,,,,,FlorNoviembreIntegraciondelaInfo,001,2022-11-15_17h16.57.829,PruebaGabor2,2022.1.3,59.83022575200344,
6.7712490071334,,B,60.2038916028961,0.033856245035667,right,Right,,,,,0,3,3,3,,,,,,,,,,,,,,,,,,,,,,,,,,98.01991590000034,None,right,1,0.48245440000027884,98.1208888000001,None,98.621026599998,None,,,,,FlorNoviembreIntegraciondelaInfo,001,2022-11-15_17h16.57.829,PruebaGabor2,2022.1.3,59.83022575200344,
6.78591396694264,,B,60.96814582059859,0.0339295698347132,right,Right,,,,,0,4,4,4,,,,,,,,,,,,,,,,,,,,,,,,,,99.70427299999938,None,right,1,0.5030070000029809,99.80469439999797,None,100.33797279999999,None,,,,,FlorNoviembreIntegraciondelaInfo,001,2022-11-15_17h16.57.829,PruebaGabor2,2022.1.3,59.83022575200344,
5.7861300224522,,A,98.89064842986241,0.028930650112261,left,Left,,,,,0,5,5,5,,,,,,,,,,,,,,,,,,,,,,,,,,101.42174799999702,None,left,1,0.48146330000599846,101.52178469999853,None,102.02210379999815,None,,,,,FlorNoviembreIntegraciondelaInfo,001,2022-11-15_17h16.57.829,PruebaGabor2,2022.1.3,59.83022575200344,
6.74037109471642,,B,59.5246124615583,0.0337018554735821,right,Right,,,,,0,6,6,6,,,,,,,,,,,,,,,,,,,,,,,,,,103.10585329999958,None,right,1,1.6219911000043794,103.20535910000035,None,104.85651270000017,None,,,,,FlorNoviembreIntegraciondelaInfo,001,2022-11-15_17h16.57.829,PruebaGabor2,2022.1.3,59.83022575200344,
5.70147029690313,,A,96.5086685933335,0.02850735148451565,left,Left,,,,,0,7,7,7,,,,,,,,,,,,,,,,,,,,,,,,,,105.93983599999774,None,left,1,0.4275787000042328,106.03997379999782,None,106.48985469999752,None,,,,,FlorNoviembreIntegraciondelaInfo,001,2022-11-15_17h16.57.829,PruebaGabor2,2022.1.3,59.83022575200344,
5.69237402243448,,A,96.5006797142118,0.0284618701121724,left,Left,,,,,0,8,8,8,,,,,,,,,,,,,,,,,,,,,,,,,,107.5734214999975,None,left,1,0.40248270000302,107.67398049999974,None,108.10761160000038,None,,,,,FlorNoviembreIntegraciondelaInfo,001,2022-11-15_17h16.57.829,PruebaGabor2,2022.1.3,59.83022575200344,
6.82217860521281,,B,62.2158334664355,0.03411089302606405,right,Right,,,,,0,9,9,9,,,,,,,,,,,,,,,,,,,,,,,,,,109.19088199999896,None,right,1,0.48082870000143885,109.29089209999802,None,109.79106049999973,None,,,,,FlorNoviembreIntegraciondelaInfo,001,2022-11-15_17h16.57.829,PruebaGabor2,2022.1.3,59.83022575200344,
6.86193314808485,,B,63.150615169344405,0.034309665740424246,right,Right,,,,,0,10,10,10,,,,,,,,,,,,,,,,,,,,,,,,,,110.87485789999846,None,right,1,0.42072310000366997,110.97470509999766,None,111.42492039999706,None,,,,,FlorNoviembreIntegraciondelaInfo,001,2022-11-15_17h16.57.829,PruebaGabor2,2022.1.3,59.83022575200344,
5.72530625322678,,A,97.2472305457173,0.0286265312661339,left,Left,,,,,0,11,11,11,,,,,,,,,,,,,,,,,,,,,,,,,,112.5085481999995,None,left,1,0.37925499999983003,112.60872449999806,None,113.00886019999962,None,,,,,FlorNoviembreIntegraciondelaInfo,001,2022-11-15_17h16.57.829,PruebaGabor2,2022.1.3,59.83022575200344,
5.64957882532122,,A,94.3402366143518,0.0282478941266061,left,Left,,,,,0,12,12,12,,,,,,,,,,,,,,,,,,,,,,,,,,114.09209069999997,None,left,1,0.5719972000042617,114.1920790999975,None,114.79437119999784,None,,,,,FlorNoviembreIntegraciondelaInfo,001,2022-11-15_17h16.57.829,PruebaGabor2,2022.1.3,59.83022575200344,
6.8749127966295,,B,63.5190774308247,0.034374563983147505,right,Right,,,,,0,13,13,13,,,,,,,,,,,,,,,,,,,,,,,,,,115.89214829999764,None,right,1,0.5160926000025938,115.99212959999932,None,116.52568079999764,None,,,,,FlorNoviembreIntegraciondelaInfo,001,2022-11-15_17h16.57.829,PruebaGabor2,2022.1.3,59.83022575200344,
6.74506164945214,,B,59.6281540691298,0.0337253082472607,right,Right,,,,,0,14,14,14,,,,,,,,,,,,,,,,,,,,,,,,,,117.61015889999908,None,right,1,0.48552370000470546,117.71026509999865,None,118.22662879999916,None,,,,,FlorNoviembreIntegraciondelaInfo,001,2022-11-15_17h16.57.829,PruebaGabor2,2022.1.3,59.83022575200344,
5.67952016090511,,A,95.494243127605,0.02839760080452555,left,Left,,,,,0,15,15,15,,,,,,,,,,,,,,,,,,,,,,,,,,119.31034989999898,None,right,0,0.784856000002037,119.41031099999964,None,120.2337864000001,None,,,,,FlorNoviembreIntegraciondelaInfo,001,2022-11-15_17h16.57.829,PruebaGabor2,2022.1.3,59.83022575200344,
5.719145030165,,A,97.06851619359999,0.028595725150825,left,Left,,,,,0,16,16,16,,,,,,,,,,,,,,,,,,,,,,,,,,121.32766479999918,None,left,1,1.1608021000029112,121.4277669999974,None,122.61433739999848,None,,,,,FlorNoviembreIntegraciondelaInfo,001,2022-11-15_17h16.57.829,PruebaGabor2,2022.1.3,59.83022575200344,
6.79652096075576,,B,61.119735380497495,0.0339826048037788,right,Right,,,,,0,17,17,17,,,,,,,,,,,,,,,,,,,,,,,,,,123.71177249999892,None,right,1,0.6398963000028743,123.81173759999729,None,124.47847460000048,None,,,,,FlorNoviembreIntegraciondelaInfo,001,2022-11-15_17h16.57.829,PruebaGabor2,2022.1.3,59.83022575200344,
5.6660316436833,,A,95.8076835388605,0.028330158218416498,left,Left,,,,,0,18,18,18,,,,,,,,,,,,,,,,,,,,,,,,,,125.5626470999996,None,left,1,0.46977350000452134,125.66248979999727,None,126.16279919999943,None,,,,,FlorNoviembreIntegraciondelaInfo,001,2022-11-15_17h16.57.829,PruebaGabor2,2022.1.3,59.83022575200344,
5.71454997714318,,A,97.434921498953,0.028572749885715898,left,Left,,,,,0,19,19,19,,,,,,,,,,,,,,,,,,,,,,,,,,127.24655119999807,None,left,1,0.3843639000006078,127.3467090999984,None,127.7633550999999,None,,,,,FlorNoviembreIntegraciondelaInfo,001,2022-11-15_17h16.57.829,PruebaGabor2,2022.1.3,59.83022575200344,
6.79780810064405,,B,61.36872283451859,0.03398904050322025,right,Right,,,,,0,20,20,20,,,,,,,,,,,,,,,,,,,,,,,,,,128.84711229999812,None,right,1,0.5209427000045252,128.94704199999978,None,129.49726219999866,None,,,,,FlorNoviembreIntegraciondelaInfo,001,2022-11-15_17h16.57.829,PruebaGabor2,2022.1.3,59.83022575200344,
6.73055428182459,,B,58.9740622048953,0.03365277140912295,right,Right,,,,,0,21,21,21,,,,,,,,,,,,,,,,,,,,,,,,,,130.58091989999957,None,right,1,0.4509254000040528,130.68100520000007,None,131.1645557999982,None,,,,,FlorNoviembreIntegraciondelaInfo,001,2022-11-15_17h16.57.829,PruebaGabor2,2022.1.3,59.83022575200344,
6.83431327574922,,B,62.0735016195749,0.0341715663787461,right,Right,,,,,0,22,22,22,,,,,,,,,,,,,,,,,,,,,,,,,,132.24815189999936,None,right,1,0.3754704000057245,132.34777419999955,None,132.7507564999978,None,,,,,FlorNoviembreIntegraciondelaInfo,001,2022-11-15_17h16.57.829,PruebaGabor2,2022.1.3,59.83022575200344,
5.67108255771528,,A,95.2895897881996,0.028355412788576402,left,Left,,,,,0,23,23,23,,,,,,,,,,,,,,,,,,,,,,,,,,133.8482726000002,None,left,1,0.895296500002587,133.9482164000001,None,134.86768949999896,None,,,,,FlorNoviembreIntegraciondelaInfo,001,2022-11-15_17h16.57.829,PruebaGabor2,2022.1.3,59.83022575200344,
6.7543377697461,,B,59.79598063442349,0.033771688848730504,right,Right,,,,,0,24,24,24,,,,,,,,,,,,,,,,,,,,,,,,,,135.96560299999692,None,right,1,0.9138891000002332,136.06555490000028,None,137.00155230000018,None,,,,,FlorNoviembreIntegraciondelaInfo,001,2022-11-15_17h16.57.829,PruebaGabor2,2022.1.3,59.83022575200344,
6.75116283765296,,B,59.723953065391996,0.0337558141882648,right,Right,,,,,0,25,25,25,,,,,,,,,,,,,,,,,,,,,,,,,,138.09923829999752,None,right,1,0.40423220000593574,138.19919229999869,None,138.63266929999736,None,,,,,FlorNoviembreIntegraciondelaInfo,001,2022-11-15_17h16.57.829,PruebaGabor2,2022.1.3,59.83022575200344,
5.64391420351471,,A,94.651711497528,0.02821957101757355,left,Left,,,,,0,26,26,26,,,,,,,,,,,,,,,,,,,,,,,,,,139.71633060000022,None,left,1,0.5711321000017051,139.81640809999953,None,140.4166140999987,None,,,,,FlorNoviembreIntegraciondelaInfo,001,2022-11-15_17h16.57.829,PruebaGabor2,2022.1.3,59.83022575200344,
6.75226390028654,,B,59.213835858432,0.0337613195014327,right,Right,,,,,0,27,27,27,,,,,,,,,,,,,,,,,,,,,,,,,,141.50041359999886,None,right,1,0.4593252000013308,141.60053549999793,None,142.0838831000001,None,,,,,FlorNoviembreIntegraciondelaInfo,001,2022-11-15_17h16.57.829,PruebaGabor2,2022.1.3,59.83022575200344,
6.69997815522408,,B,58.6482275168153,0.033499890776120395,right,Right,,,,,0,28,28,28,,,,,,,,,,,,,,,,,,,,,,,,,,143.16773889999968,None,right,1,0.6081966000019747,143.26785839999866,None,143.90121629999703,None,,,,,FlorNoviembreIntegraciondelaInfo,001,2022-11-15_17h16.57.829,PruebaGabor2,2022.1.3,59.83022575200344,
6.77124141098444,,B,60.3826196380828,0.0338562070549222,right,Right,,,,,0,29,29,29,,,,,,,,,,,,,,,,,,,,,,,,,,144.985398599998,None,right,1,0.4139206000036211,145.0853274000001,None,145.51866449999943,None,,,,,FlorNoviembreIntegraciondelaInfo,001,2022-11-15_17h16.57.829,PruebaGabor2,2022.1.3,59.83022575200344,
5.67094332193572,,A,95.3798857259747,0.0283547166096786,left,Left,,,,,0,30,30,30,,,,,,,,,,,,,,,,,,,,,,,,,,146.60265809999692,None,left,1,0.5571577000009711,146.70247529999688,None,147.28538029999982,None,,,,,FlorNoviembreIntegraciondelaInfo,001,2022-11-15_17h16.57.829,PruebaGabor2,2022.1.3,59.83022575200344,
5.70943452457431,,A,96.4926892965227,0.028547172622871552,left,Left,,,,,0,31,31,31,,,,,,,,,,,,,,,,,,,,,,,,,,148.36913189999905,None,left,1,0.670650600000954,148.4691614000003,None,149.16998469999817,None,,,,,FlorNoviembreIntegraciondelaInfo,001,2022-11-15_17h16.57.829,PruebaGabor2,2022.1.3,59.83022575200344,
5.75165019094034,,A,98.1731473793788,0.0287582509547017,left,Left,,,,,0,32,32,32,,,,,,,,,,,,,,,,,,,,,,,,,,150.25348730000042,None,left,1,0.3706190000048082,150.3534183999982,None,150.75558539999838,None,,,,,FlorNoviembreIntegraciondelaInfo,001,2022-11-15_17h16.57.829,PruebaGabor2,2022.1.3,59.83022575200344,
5.68787311553859,,A,96.0741149561316,0.02843936557769295,left,Left,,,,,0,33,33,33,,,,,,,,,,,,,,,,,,,,,,,,,,151.85344759999862,None,right,0,0.4660116000013659,151.954049699998,None,152.44435249999879,None,,,,,FlorNoviembreIntegraciondelaInfo,001,2022-11-15_17h16.57.829,PruebaGabor2,2022.1.3,59.83022575200344,
5.70749176120883,,A,96.904221614918,0.02853745880604415,left,Left,,,,,0,34,34,34,,,,,,,,,,,,,,,,,,,,,,,,,,153.53756259999864,None,left,1,0.774325400005182,153.637557799997,None,154.43752529999983,None,,,,,FlorNoviembreIntegraciondelaInfo,001,2022-11-15_17h16.57.829,PruebaGabor2,2022.1.3,59.83022575200344,
5.68732577766138,,A,95.9245583335741,0.028436628888306902,left,Left,,,,,0,35,35,35,,,,,,,,,,,,,,,,,,,,,,,,,,155.52133820000017,None,left,1,0.4537092000027769,155.6215330999985,None,156.1050695999984,None,,,,,FlorNoviembreIntegraciondelaInfo,001,2022-11-15_17h16.57.829,PruebaGabor2,2022.1.3,59.83022575200344,
6.81760723082824,,B,61.4044382093772,0.0340880361541412,right,Right,,,,,0,36,36,36,,,,,,,,,,,,,,,,,,,,,,,,,,157.188542099997,None,right,1,0.45125020000341465,157.28848759999892,None,157.77203219999865,None,,,,,FlorNoviembreIntegraciondelaInfo,001,2022-11-15_17h16.57.829,PruebaGabor2,2022.1.3,59.83022575200344,
5.67877827154077,,A,95.5959777631102,0.02839389135770385,left,Left,,,,,0,37,37,37,,,,,,,,,,,,,,,,,,,,,,,,,,158.85589999999866,None,left,1,0.648228600002767,158.95585839999694,None,159.62254349999785,None,,,,,FlorNoviembreIntegraciondelaInfo,001,2022-11-15_17h16.57.829,PruebaGabor2,2022.1.3,59.83022575200344,
6.72870399607202,,B,59.3732816461975,0.0336435199803601,right,Right,,,,,0,38,38,38,,,,,,,,,,,,,,,,,,,,,,,,,,160.70650319999913,None,right,1,0.46962080000230344,160.8063841999974,None,161.3066579999977,None,,,,,FlorNoviembreIntegraciondelaInfo,001,2022-11-15_17h16.57.829,PruebaGabor2,2022.1.3,59.83022575200344,
6.77593989660461,,B,60.4529920530306,0.03387969948302305,right,Right,,,,,0,39,39,39,,,,,,,,,,,,,,,,,,,,,,,,,,162.39075429999866,None,right,1,0.529042300000583,162.4908590999985,None,163.04110159999982,None,,,,,FlorNoviembreIntegraciondelaInfo,001,2022-11-15_17h16.57.829,PruebaGabor2,2022.1.3,59.83022575200344,
5.73860717939827,,A,98.0415400502842,0.028693035896991348,left,Left,,,,,0,40,40,40,,,,,,,,,,,,,,,,,,,,,,,,,,164.1246977999981,None,left,1,0.49111290000291774,164.22477230000004,None,164.74126199999955,None,,,,,FlorNoviembreIntegraciondelaInfo,001,2022-11-15_17h16.57.829,PruebaGabor2,2022.1.3,59.83022575200344,
6.69672699942212,,B,57.80633371854999,0.0334836349971106,right,Right,,,,,0,41,41,41,,,,,,,,,,,,,,,,,,,,,,,,,,165.82538009999917,None,right,1,0.4062191000011808,165.92511119999836,None,166.3585678999989,None,,,,,FlorNoviembreIntegraciondelaInfo,001,2022-11-15_17h16.57.829,PruebaGabor2,2022.1.3,59.83022575200344,
6.74313148196201,,B,59.6715061069468,0.03371565740981005,right,Right,,,,,0,42,42,42,,,,,,,,,,,,,,,,,,,,,,,,,,167.44232209999973,None,right,1,0.42879410000386997,167.54244109999854,None,167.9922536999984,None,,,,,FlorNoviembreIntegraciondelaInfo,001,2022-11-15_17h16.57.829,PruebaGabor2,2022.1.3,59.83022575200344,
6.81560970681232,,B,61.80855706220451,0.0340780485340616,right,Right,,,,,0,43,43,43,,,,,,,,,,,,,,,,,,,,,,,,,,169.07578300000023,None,right,1,0.43584220000411733,169.1759693999993,None,169.64250410000022,None,,,,,FlorNoviembreIntegraciondelaInfo,001,2022-11-15_17h16.57.829,PruebaGabor2,2022.1.3,59.83022575200344,
6.80475084120138,,B,61.694022790144096,0.0340237542060069,right,Right,,,,,0,44,44,44,,,,,,,,,,,,,,,,,,,,,,,,,,170.72626129999844,None,right,1,0.3054774000047473,170.82640869999886,None,171.15970119999838,None,,,,,FlorNoviembreIntegraciondelaInfo,001,2022-11-15_17h16.57.829,PruebaGabor2,2022.1.3,59.83022575200344,
5.75449634433781,,A,98.1774720182805,0.02877248172168905,left,Left,,,,,0,45,45,45,,,,,,,,,,,,,,,,,,,,,,,,,,172.24341679999998,None,right,0,0.2918232000047283,172.3435294999981,None,172.6631438000004,None,,,,,FlorNoviembreIntegraciondelaInfo,001,2022-11-15_17h16.57.829,PruebaGabor2,2022.1.3,59.83022575200344,
5.69427744647612,,A,96.175376013924,0.028471387232380598,left,Left,,,,,0,46,46,46,,,,,,,,,,,,,,,,,,,,,,,,,,173.76069730000017,None,left,1,0.47939210000185994,173.86063110000032,None,174.3638992999986,None,,,,,FlorNoviembreIntegraciondelaInfo,001,2022-11-15_17h16.57.829,PruebaGabor2,2022.1.3,59.83022575200344,
6.75649846760806,,B,60.0588480780035,0.0337824923380403,right,Right,,,,,0,47,47,47,,,,,,,,,,,,,,,,,,,,,,,,,,175.46075149999888,None,right,1,0.7383167000043613,175.5610979999983,None,176.32792319999862,None,,,,,FlorNoviembreIntegraciondelaInfo,001,2022-11-15_17h16.57.829,PruebaGabor2,2022.1.3,59.83022575200344,
5.74234627160502,,A,97.6820293985638,0.0287117313580251,left,Left,,,,,0,48,48,48,,,,,,,,,,,,,,,,,,,,,,,,,,177.4114886999996,None,left,1,0.46776730000055977,177.51132369999686,None,178.01177199999802,None,,,,,FlorNoviembreIntegraciondelaInfo,001,2022-11-15_17h16.57.829,PruebaGabor2,2022.1.3,59.83022575200344,
5.71129687990948,,A,96.699293062064,0.028556484399547402,left,Left,,,,,0,49,49,49,,,,,,,,,,,,,,,,,,,,,,,,,,179.09537199999977,None,right,0,1.0013999000038893,179.1955264999997,None,180.2295944999969,None,,,,,FlorNoviembreIntegraciondelaInfo,001,2022-11-15_17h16.57.829,PruebaGabor2,2022.1.3,59.83022575200344,
5.668545278724,,A,95.3340359399126,0.02834272639362,left,Left,,,,,0,50,50,50,,,,,,,,,,,,,,,,,,,,,,,,,,181.31291059999785,None,left,1,0.7268479000013031,181.41300019999835,None,182.16311399999904,None,,,,,FlorNoviembreIntegraciondelaInfo,001,2022-11-15_17h16.57.829,PruebaGabor2,2022.1.3,59.83022575200344,
6.77795316095574,,B,60.968726170368505,0.033889765804778704,right,Right,,,,,0,51,51,51,,,,,,,,,,,,,,,,,,,,,,,,,,183.24652889999925,None,right,1,0.5690093000011984,183.34671639999942,None,183.9468299,None,,,,,FlorNoviembreIntegraciondelaInfo,001,2022-11-15_17h16.57.829,PruebaGabor2,2022.1.3,59.83022575200344,
6.79199981528957,,B,61.3104061740398,0.033959999076447846,right,Right,,,,,0,52,52,52,,,,,,,,,,,,,,,,,,,,,,,,,,185.03073479999875,None,right,1,0.5126014000015857,185.13064499999746,None,185.66436699999758,None,,,,,FlorNoviembreIntegraciondelaInfo,001,2022-11-15_17h16.57.829,PruebaGabor2,2022.1.3,59.83022575200344,
6.73303761576233,,B,58.678094566176796,0.03366518807881165,right,Right,,,,,0,53,53,53,,,,,,,,,,,,,,,,,,,,,,,,,,186.74788699999772,None,right,1,0.5390774000043166,186.84795870000016,None,187.41465659999812,None,,,,,FlorNoviembreIntegraciondelaInfo,001,2022-11-15_17h16.57.829,PruebaGabor2,2022.1.3,59.83022575200344,
6.69039405754409,,B,58.0798823982844,0.03345197028772045,right,Right,,,,,0,54,54,54,,,,,,,,,,,,,,,,,,,,,,,,,,188.49846869999965,None,right,1,0.5574732000059157,188.59828729999936,None,189.18202149999706,None,,,,,FlorNoviembreIntegraciondelaInfo,001,2022-11-15_17h16.57.829,PruebaGabor2,2022.1.3,59.83022575200344,
5.71517472907784,,A,96.5046807252921,0.028575873645389202,left,Left,,,,,0,55,55,55,,,,,,,,,,,,,,,,,,,,,,,,,,190.26575089999824,None,left,1,0.4460402000040631,190.36551829999735,None,190.83245619999798,None,,,,,FlorNoviembreIntegraciondelaInfo,001,2022-11-15_17h16.57.829,PruebaGabor2,2022.1.3,59.83022575200344,
6.79741349831518,,B,61.3538867018518,0.0339870674915759,right,Right,,,,,0,56,56,56,,,,,,,,,,,,,,,,,,,,,,,,,,191.91586059999827,None,right,1,0.5238038000024972,192.01605669999844,None,192.56630159999986,None,,,,,FlorNoviembreIntegraciondelaInfo,001,2022-11-15_17h16.57.829,PruebaGabor2,2022.1.3,59.83022575200344,
6.82343593311358,,B,62.045457311574104,0.034117179665567904,right,Right,,,,,0,57,57,57,,,,,,,,,,,,,,,,,,,,,,,,,,193.65012819999902,None,right,1,0.4612637000027462,193.75017300000036,None,194.23564909999914,None,,,,,FlorNoviembreIntegraciondelaInfo,001,2022-11-15_17h16.57.829,PruebaGabor2,2022.1.3,59.83022575200344,
5.70621720793375,,A,96.5766868246602,0.028531086039668748,left,Left,,,,,0,58,58,58,,,,,,,,,,,,,,,,,,,,,,,,,,195.33348379999734,None,left,1,0.4993635000028007,195.43351079999775,None,195.9503259999983,None,,,,,FlorNoviembreIntegraciondelaInfo,001,2022-11-15_17h16.57.829,PruebaGabor2,2022.1.3,59.83022575200344,
6.72968942603007,,B,58.9001152342058,0.033648447130150354,right,Right,,,,,0,59,59,59,,,,,,,,,,,,,,,,,,,,,,,,,,197.03403959999923,None,right,1,0.4771413000016764,197.13401460000023,None,197.6341973999988,None,,,,,FlorNoviembreIntegraciondelaInfo,001,2022-11-15_17h16.57.829,PruebaGabor2,2022.1.3,59.83022575200344,
5.70019814931846,,A,96.6743138708678,0.028500990746592302,left,Left,,,,,0,60,60,60,,,,,,,,,,,,,,,,,,,,,,,,,,198.71785429999727,None,right,0,0.5535202000028221,198.81788229999802,None,199.4066361999976,None,,,,,FlorNoviembreIntegraciondelaInfo,001,2022-11-15_17h16.57.829,PruebaGabor2,2022.1.3,59.83022575200344,
6.80197048038641,,B,61.093038251227206,0.03400985240193205,right,Right,,,,,0,61,61,61,,,,,,,,,,,,,,,,,,,,,,,,,,200.50174619999962,None,right,1,0.6349895000021206,200.6017944999985,None,201.27170269999988,None,,,,,FlorNoviembreIntegraciondelaInfo,001,2022-11-15_17h16.57.829,PruebaGabor2,2022.1.3,59.83022575200344,
6.7502669798527,,B,59.8236269744689,0.0337513348992635,right,Right,,,,,0,62,62,62,,,,,,,,,,,,,,,,,,,,,,,,,,202.3689916000003,None,right,1,0.5504916000027151,202.46902359999876,None,203.0362873999984,None,,,,,FlorNoviembreIntegraciondelaInfo,001,2022-11-15_17h16.57.829,PruebaGabor2,2022.1.3,59.83022575200344,
5.65780376208934,,A,95.1254757664622,0.028289018810446702,left,Left,,,,,0,63,63,63,,,,,,,,,,,,,,,,,,,,,,,,,,204.12000859999898,None,left,1,0.5190162000035343,204.22012679999898,None,204.7702266999986,None,,,,,FlorNoviembreIntegraciondelaInfo,001,2022-11-15_17h16.57.829,PruebaGabor2,2022.1.3,59.83022575200344,
5.7807669036673,,A,98.8654722389621,0.0289038345183365,left,Left,,,,,0,64,64,64,,,,,,,,,,,,,,,,,,,,,,,,,,205.8537374999978,None,left,1,0.48186380000333884,205.95382789999712,None,206.45400169999994,None,,,,,FlorNoviembreIntegraciondelaInfo,001,2022-11-15_17h16.57.829,PruebaGabor2,2022.1.3,59.83022575200344,
5.73149130761957,,A,97.658549220859,0.02865745653809785,left,Left,,,,,0,65,65,65,,,,,,,,,,,,,,,,,,,,,,,,,,207.5376557999989,None,left,1,0.34995010000420734,207.63769390000016,None,208.00440439999875,None,,,,,FlorNoviembreIntegraciondelaInfo,001,2022-11-15_17h16.57.829,PruebaGabor2,2022.1.3,59.83022575200344,
6.8044120704643,,B,61.4991690234468,0.0340220603523215,right,Right,,,,,0,66,66,66,,,,,,,,,,,,,,,,,,,,,,,,,,209.08801309999762,None,right,1,0.47158390000186046,209.18818610000017,None,209.6880646999998,None,,,,,FlorNoviembreIntegraciondelaInfo,001,2022-11-15_17h16.57.829,PruebaGabor2,2022.1.3,59.83022575200344,
5.68199868898364,,A,96.4004491984181,0.0284099934449182,left,Left,,,,,0,67,67,67,,,,,,,,,,,,,,,,,,,,,,,,,,210.7720354999983,None,left,1,0.4030373000023246,210.87208370000008,None,211.3053043999971,None,,,,,FlorNoviembreIntegraciondelaInfo,001,2022-11-15_17h16.57.829,PruebaGabor2,2022.1.3,59.83022575200344,
5.67111809882959,,A,95.4244978170975,0.028355590494147948,left,Left,,,,,0,68,68,68,,,,,,,,,,,,,,,,,,,,,,,,,,212.3891107999989,None,left,1,0.37106300000232295,212.48878669999976,None,212.8894724999991,None,,,,,FlorNoviembreIntegraciondelaInfo,001,2022-11-15_17h16.57.829,PruebaGabor2,2022.1.3,59.83022575200344,
5.77394775962352,,A,98.8215933238414,0.028869738798117602,left,Left,,,,,0,69,69,69,,,,,,,,,,,,,,,,,,,,,,,,,,213.97284769999897,None,left,1,0.38641800000550575,214.07279509999717,None,214.4898422999977,None,,,,,FlorNoviembreIntegraciondelaInfo,001,2022-11-15_17h16.57.829,PruebaGabor2,2022.1.3,59.83022575200344,
5.65000985785632,,A,95.3408446776944,0.0282500492892816,left,Left,,,,,0,70,70,70,,,,,,,,,,,,,,,,,,,,,,,,,,215.5736254000003,None,left,1,0.28224320000299485,215.67340759999934,None,215.97321050000028,None,,,,,FlorNoviembreIntegraciondelaInfo,001,2022-11-15_17h16.57.829,PruebaGabor2,2022.1.3,59.83022575200344,
5.72228225702642,,A,96.6496667171957,0.0286114112851321,left,Left,,,,,0,71,71,71,,,,,,,,,,,,,,,,,,,,,,,,,,217.05730339999718,None,left,1,0.28620560000126716,217.157221999998,None,217.47374809999747,None,,,,,FlorNoviembreIntegraciondelaInfo,001,2022-11-15_17h16.57.829,PruebaGabor2,2022.1.3,59.83022575200344,
6.7809802017921,,B,61.0384579680989,0.0339049010089605,right,Right,,,,,0,72,72,72,,,,,,,,,,,,,,,,,,,,,,,,,,218.55770779999875,None,right,1,0.4572688000043854,218.65777700000035,None,219.14109859999735,None,,,,,FlorNoviembreIntegraciondelaInfo,001,2022-11-15_17h16.57.829,PruebaGabor2,2022.1.3,59.83022575200344,
6.82824828438412,,B,62.2513968631751,0.0341412414219206,right,Right,,,,,0,73,73,73,,,,,,,,,,,,,,,,,,,,,,,,,,220.22466439999698,None,right,1,0.5423979000042891,220.32470549999925,None,220.89177909999853,None,,,,,FlorNoviembreIntegraciondelaInfo,001,2022-11-15_17h16.57.829,PruebaGabor2,2022.1.3,59.83022575200344,
6.81184368192176,,B,61.6539616399956,0.0340592184096088,right,Right,,,,,0,74,74,74,,,,,,,,,,,,,,,,,,,,,,,,,,221.97519389999798,None,right,1,0.38434650000272086,222.07558719999724,None,222.49236910000036,None,,,,,FlorNoviembreIntegraciondelaInfo,001,2022-11-15_17h16.57.829,PruebaGabor2,2022.1.3,59.83022575200344,
5.75591320115858,,A,98.38816302170311,0.0287795660057929,left,Left,,,,,0,75,75,75,,,,,,,,,,,,,,,,,,,,,,,,,,223.57597299999907,None,left,1,0.5354494000057457,223.67603400000007,None,224.2431876999981,None,,,,,FlorNoviembreIntegraciondelaInfo,001,2022-11-15_17h16.57.829,PruebaGabor2,2022.1.3,59.83022575200344,
6.76502351798143,,B,59.981787707105404,0.03382511758990715,right,Right,,,,,0,76,76,76,,,,,,,,,,,,,,,,,,,,,,,,,,225.32661169999847,None,right,1,0.6820216000051005,225.42606969999906,None,226.12641040000017,None,,,,,FlorNoviembreIntegraciondelaInfo,001,2022-11-15_17h16.57.829,PruebaGabor2,2022.1.3,59.83022575200344,
6.76097074430707,,B,59.9066355969053,0.03380485372153535,right,Right,,,,,0,77,77,77,,,,,,,,,,,,,,,,,,,,,,,,,,227.21052769999733,None,right,1,0.6050046000054863,227.3106141999997,None,227.94397670000035,None,,,,,FlorNoviembreIntegraciondelaInfo,001,2022-11-15_17h16.57.829,PruebaGabor2,2022.1.3,59.83022575200344,
6.82431852947454,,B,61.8432822439564,0.034121592647372696,right,Right,,,,,0,78,78,78,,,,,,,,,,,,,,,,,,,,,,,,,,229.02774419999696,None,right,1,0.6838487000022724,229.12778309999703,None,229.8445408999978,None,,,,,FlorNoviembreIntegraciondelaInfo,001,2022-11-15_17h16.57.829,PruebaGabor2,2022.1.3,59.83022575200344,
5.66713973429074,,A,95.4161691365433,0.0283356986714537,left,Left,,,,,0,79,79,79,,,,,,,,,,,,,,,,,,,,,,,,,,230.9279104999987,None,left,1,0.4945647000022291,231.02845039999738,None,231.54505669999708,None,,,,,FlorNoviembreIntegraciondelaInfo,001,2022-11-15_17h16.57.829,PruebaGabor2,2022.1.3,59.83022575200344,
6.76430497237053,,B,60.337055243167505,0.03382152486185265,right,Right,,,,,0,80,80,80,,,,,,,,,,,,,,,,,,,,,,,,,,232.62882669999817,None,right,1,0.5144425000034971,232.7288367000001,None,233.26224770000044,None,,,,,FlorNoviembreIntegraciondelaInfo,001,2022-11-15_17h16.57.829,PruebaGabor2,2022.1.3,59.83022575200344,
6.82413977047627,,B,61.896775010216,0.03412069885238135,right,Right,,,,,0,81,81,81,,,,,,,,,,,,,,,,,,,,,,,,,,234.34587259999898,None,right,1,0.6695785000047181,234.4461099,None,235.1463119,None,,,,,FlorNoviembreIntegraciondelaInfo,001,2022-11-15_17h16.57.829,PruebaGabor2,2022.1.3,59.83022575200344,
5.70905441975073,,A,96.7808949981916,0.02854527209875365,left,Left,,,,,0,82,82,82,,,,,,,,,,,,,,,,,,,,,,,,,,236.2298368999982,None,left,1,0.6579674000058731,236.3296257999973,None,237.01350739999907,None,,,,,FlorNoviembreIntegraciondelaInfo,001,2022-11-15_17h16.57.829,PruebaGabor2,2022.1.3,59.83022575200344,
6.78116760622868,,B,60.857887993689296,0.0339058380311434,right,Right,,,,,0,83,83,83,,,,,,,,,,,,,,,,,,,,,,,,,,238.09719140000016,None,right,1,0.5424233000048844,238.1972922999994,None,238.76391779999904,None,,,,,FlorNoviembreIntegraciondelaInfo,001,2022-11-15_17h16.57.829,PruebaGabor2,2022.1.3,59.83022575200344,
5.7013292007521,,A,96.3054793568576,0.0285066460037605,left,Left,,,,,0,84,84,84,,,,,,,,,,,,,,,,,,,,,,,,,,239.84785009999905,None,left,1,0.43998540000393405,239.94758219999858,None,240.4142882999986,None,,,,,FlorNoviembreIntegraciondelaInfo,001,2022-11-15_17h16.57.829,PruebaGabor2,2022.1.3,59.83022575200344,
6.80047423716759,,B,61.0852813332882,0.03400237118583795,right,Right,,,,,0,85,85,85,,,,,,,,,,,,,,,,,,,,,,,,,,241.49824850000005,None,right,1,0.8214506000003894,241.59806679999747,None,242.44875499999762,None,,,,,FlorNoviembreIntegraciondelaInfo,001,2022-11-15_17h16.57.829,PruebaGabor2,2022.1.3,59.83022575200344,
5.71479610806834,,A,96.8091201908226,0.0285739805403417,left,Left,,,,,0,86,86,86,,,,,,,,,,,,,,,,,,,,,,,,,,243.5322887000002,None,left,1,0.4116001000002143,243.63206039999932,None,244.06560890000037,None,,,,,FlorNoviembreIntegraciondelaInfo,001,2022-11-15_17h16.57.829,PruebaGabor2,2022.1.3,59.83022575200344,
6.74290804653008,,B,59.65153153325971,0.0337145402326504,right,Right,,,,,0,87,87,87,,,,,,,,,,,,,,,,,,,,,,,,,,245.14919309999823,None,right,1,0.4742361000025994,245.24925859999712,None,245.74947029999748,None,,,,,FlorNoviembreIntegraciondelaInfo,001,2022-11-15_17h16.57.829,PruebaGabor2,2022.1.3,59.83022575200344,
6.75213443096402,,B,59.7801090947055,0.0337606721548201,right,Right,,,,,0,88,88,88,,,,,,,,,,,,,,,,,,,,,,,,,,246.8337298999977,None,right,1,0.8291216000034183,246.93397220000043,None,247.78408249999848,None,,,,,FlorNoviembreIntegraciondelaInfo,001,2022-11-15_17h16.57.829,PruebaGabor2,2022.1.3,59.83022575200344,
6.79446196950067,,B,60.77025428177299,0.03397230984750335,right,Right,,,,,0,89,89,89,,,,,,,,,,,,,,,,,,,,,,,,,,248.86747209999885,None,right,1,0.5155640000048152,248.9674890999995,None,249.50091699999757,None,,,,,FlorNoviembreIntegraciondelaInfo,001,2022-11-15_17h16.57.829,PruebaGabor2,2022.1.3,59.83022575200344,
6.79370292208918,,B,61.050527999669704,0.0339685146104459,right,Right,,,,,0,90,90,90,,,,,,,,,,,,,,,,,,,,,,,,,,250.58468569999968,None,right,1,0.4381797000023653,250.68489430000045,None,251.15134769999713,None,,,,,FlorNoviembreIntegraciondelaInfo,001,2022-11-15_17h16.57.829,PruebaGabor2,2022.1.3,59.83022575200344,
6.78935716680395,,B,61.3457198241813,0.03394678583401975,right,Right,,,,,0,91,91,91,,,,,,,,,,,,,,,,,,,,,,,,,,252.23530309999842,None,right,1,0.42165290000411915,252.33532059999925,None,252.78593329999785,None,,,,,FlorNoviembreIntegraciondelaInfo,001,2022-11-15_17h16.57.829,PruebaGabor2,2022.1.3,59.83022575200344,
6.85085546549456,,B,62.9090307594804,0.0342542773274728,right,Right,,,,,0,92,92,92,,,,,,,,,,,,,,,,,,,,,,,,,,253.8689717999987,None,right,1,0.33865520000472316,253.9688473999995,None,254.33573719999913,None,,,,,FlorNoviembreIntegraciondelaInfo,001,2022-11-15_17h16.57.829,PruebaGabor2,2022.1.3,59.83022575200344,
5.66225461817989,,A,94.9507888035088,0.028311273090899453,left,Left,,,,,0,93,93,93,,,,,,,,,,,,,,,,,,,,,,,,,,255.41937079999843,None,left,1,0.4364926000016567,255.5188758999975,None,255.98841179999727,None,,,,,FlorNoviembreIntegraciondelaInfo,001,2022-11-15_17h16.57.829,PruebaGabor2,2022.1.3,59.83022575200344,
6.7451783249363,,B,59.134201286126,0.0337258916246815,right,Right,,,,,0,94,94,94,,,,,,,,,,,,,,,,,,,,,,,,,,257.08639799999946,None,right,1,0.5048901000009209,257.1864167999993,None,257.7200118999972,None,,,,,FlorNoviembreIntegraciondelaInfo,001,2022-11-15_17h16.57.829,PruebaGabor2,2022.1.3,59.83022575200344,
6.85100919117842,,B,62.8214452370075,0.0342550459558921,right,Right,,,,,0,95,95,95,,,,,,,,,,,,,,,,,,,,,,,,,,258.80412859999706,None,right,1,0.41927100000248174,258.9040709999972,None,259.3542146,None,,,,,FlorNoviembreIntegraciondelaInfo,001,2022-11-15_17h16.57.829,PruebaGabor2,2022.1.3,59.83022575200344,
5.61599401736597,,A,93.504363063965,0.028079970086829848,left,Left,,,,,0,96,96,96,,,,,,,,,,,,,,,,,,,,,,,,,,260.43793839999853,None,left,1,0.5539513000039733,260.5379709999979,None,261.1216573999991,None,,,,,FlorNoviembreIntegraciondelaInfo,001,2022-11-15_17h16.57.829,PruebaGabor2,2022.1.3,59.83022575200344,
5.6327236588369,,A,94.14172807106989,0.0281636182941845,left,Left,,,,,0,97,97,97,,,,,,,,,,,,,,,,,,,,,,,,,,262.20525449999695,None,left,1,0.4028651000044192,262.30505699999776,None,262.73860649999915,None,,,,,FlorNoviembreIntegraciondelaInfo,001,2022-11-15_17h16.57.829,PruebaGabor2,2022.1.3,59.83022575200344,
5.69193662742688,,A,96.34810966071579,0.0284596831371344,left,Left,,,,,0,98,98,98,,,,,,,,,,,,,,,,,,,,,,,,,,263.82226230000015,None,left,1,0.3771688000015274,263.92250149999745,None,264.32241879999856,None,,,,,FlorNoviembreIntegraciondelaInfo,001,2022-11-15_17h16.57.829,PruebaGabor2,2022.1.3,59.83022575200344,
5.64749299580188,,A,95.1761185930942,0.028237464979009398,left,Left,,,,,0,99,99,99,,,,,,,,,,,,,,,,,,,,,,,,,,265.4064323999992,None,left,1,0.3370931000026758,265.506155199997,None,265.87283249999746,None,,,,,FlorNoviembreIntegraciondelaInfo,001,2022-11-15_17h16.57.829,PruebaGabor2,2022.1.3,59.83022575200344,
6.81556935142358,,B,61.895076489497,0.0340778467571179,right,Right,,,,,0,100,100,100,,,,,,,,,,,,,,,,,,,,,,,,,,266.95654250000007,None,right,1,0.46695850000469363,267.0566712,None,267.54029589999845,None,,,,,FlorNoviembreIntegraciondelaInfo,001,2022-11-15_17h16.57.829,PruebaGabor2,2022.1.3,59.83022575200344,
6.76618505116804,,B,60.112656732339396,0.0338309252558402,right,Right,,,,,0,101,101,101,,,,,,,,,,,,,,,,,,,,,,,,,,268.6239499000003,None,right,1,0.31159710000429186,268.72379499999806,None,269.05742199999804,None,,,,,FlorNoviembreIntegraciondelaInfo,001,2022-11-15_17h16.57.829,PruebaGabor2,2022.1.3,59.83022575200344,
6.80820446476327,,B,61.2023518597335,0.034041022323816346,right,Right,,,,,0,102,102,102,,,,,,,,,,,,,,,,,,,,,,,,,,270.1408980999986,None,right,1,0.3221389000027557,270.2410788999987,None,270.5910871999986,None,,,,,FlorNoviembreIntegraciondelaInfo,001,2022-11-15_17h16.57.829,PruebaGabor2,2022.1.3,59.83022575200344,
6.780495965876,,B,60.52348430441899,0.03390247982938,right,Right,,,,,0,103,103,103,,,,,,,,,,,,,,,,,,,,,,,,,,271.674865099998,None,right,1,0.381173800004035,271.7747691000004,None,272.17496519999986,None,,,,,FlorNoviembreIntegraciondelaInfo,001,2022-11-15_17h16.57.829,PruebaGabor2,2022.1.3,59.83022575200344,
5.66795619109257,,A,95.7112144142524,0.028339780955462853,left,Left,,,,,0,104,104,104,,,,,,,,,,,,,,,,,,,,,,,,,,273.25858750000043,None,left,1,0.5333600000012666,273.35859139999957,None,273.90889009999955,None,,,,,FlorNoviembreIntegraciondelaInfo,001,2022-11-15_17h16.57.829,PruebaGabor2,2022.1.3,59.83022575200344,
5.63311228912843,,A,94.4239661799624,0.02816556144564215,left,Left,,,,,0,105,105,105,,,,,,,,,,,,,,,,,,,,,,,,,,274.9922996999994,None,left,1,0.3275424000057683,275.09252639999977,None,275.4425964000002,None,,,,,FlorNoviembreIntegraciondelaInfo,001,2022-11-15_17h16.57.829,PruebaGabor2,2022.1.3,59.83022575200344,
6.77220920269698,,B,60.647537722086696,0.0338610460134849,right,Right,,,,,0,106,106,106,,,,,,,,,,,,,,,,,,,,,,,,,,276.52618679999796,None,right,1,0.41728000000148313,276.62642810000034,None,277.0764230999994,None,,,,,FlorNoviembreIntegraciondelaInfo,001,2022-11-15_17h16.57.829,PruebaGabor2,2022.1.3,59.83022575200344,
6.78182264201737,,B,60.524966343389096,0.03390911321008685,right,Right,,,,,0,107,107,107,,,,,,,,,,,,,,,,,,,,,,,,,,278.1600421999974,None,right,1,0.5513748000012129,278.26037749999887,None,278.8437147000004,None,,,,,FlorNoviembreIntegraciondelaInfo,001,2022-11-15_17h16.57.829,PruebaGabor2,2022.1.3,59.83022575200344,
6.74767635193191,,B,59.6492185706898,0.03373838175965955,right,Right,,,,,0,108,108,108,,,,,,,,,,,,,,,,,,,,,,,,,,279.9272740999986,None,right,1,0.3517524000017147,280.02745309999955,None,280.4108755999987,None,,,,,FlorNoviembreIntegraciondelaInfo,001,2022-11-15_17h16.57.829,PruebaGabor2,2022.1.3,59.83022575200344,
6.84524109877551,,B,62.6069972353706,0.03422620549387755,right,Right,,,,,0,109,109,109,,,,,,,,,,,,,,,,,,,,,,,,,,281.49451620000036,None,right,1,0.42453780000505503,281.594742199999,None,282.04457099999854,None,,,,,FlorNoviembreIntegraciondelaInfo,001,2022-11-15_17h16.57.829,PruebaGabor2,2022.1.3,59.83022575200344,
6.78016268170083,,B,60.8232589551179,0.03390081340850415,right,Right,,,,,0,110,110,110,,,,,,,,,,,,,,,,,,,,,,,,,,283.1282656000003,None,right,1,0.2794948000009754,283.2280995000001,None,283.52828919999956,None,,,,,FlorNoviembreIntegraciondelaInfo,001,2022-11-15_17h16.57.829,PruebaGabor2,2022.1.3,59.83022575200344,
5.64967344547023,,A,94.8101423915694,0.02824836722735115,left,Left,,,,,0,111,111,111,,,,,,,,,,,,,,,,,,,,,,,,,,284.6119983999997,None,right,0,0.3071040000031644,284.71203289999903,None,285.04581849999886,None,,,,,FlorNoviembreIntegraciondelaInfo,001,2022-11-15_17h16.57.829,PruebaGabor2,2022.1.3,59.83022575200344,
5.66774763636821,,A,95.2610257531194,0.02833873818184105,left,Left,,,,,0,112,112,112,,,,,,,,,,,,,,,,,,,,,,,,,,286.1288781999974,None,left,1,0.5417343000044639,286.2292543000003,None,286.79613979999704,None,,,,,FlorNoviembreIntegraciondelaInfo,001,2022-11-15_17h16.57.829,PruebaGabor2,2022.1.3,59.83022575200344,
6.81248525210108,,B,61.7664290366855,0.0340624262605054,right,Right,,,,,0,113,113,113,,,,,,,,,,,,,,,,,,,,,,,,,,287.8796752999988,None,right,1,0.5356009000061022,287.97983659999954,None,288.5466525999982,None,,,,,FlorNoviembreIntegraciondelaInfo,001,2022-11-15_17h16.57.829,PruebaGabor2,2022.1.3,59.83022575200344,
6.73400584805316,,B,59.2190245559464,0.0336700292402658,right,Right,,,,,0,114,114,114,,,,,,,,,,,,,,,,,,,,,,,,,,289.6302455999976,None,right,1,0.5285349000041606,289.73051850000047,None,290.2803724999976,None,,,,,FlorNoviembreIntegraciondelaInfo,001,2022-11-15_17h16.57.829,PruebaGabor2,2022.1.3,59.83022575200344,
5.66513489405867,,A,94.8932015612266,0.028325674470293348,left,Left,,,,,0,115,115,115,,,,,,,,,,,,,,,,,,,,,,,,,,291.36428389999855,None,left,1,0.579538700003468,291.4642638999976,None,292.06442439999955,None,,,,,FlorNoviembreIntegraciondelaInfo,001,2022-11-15_17h16.57.829,PruebaGabor2,2022.1.3,59.83022575200344,
5.70311481231024,,A,96.2830266244126,0.0285155740615512,left,Left,,,,,0,116,116,116,,,,,,,,,,,,,,,,,,,,,,,,,,293.1480655999985,None,left,1,0.379707200001576,293.2480421,None,293.6482679999972,None,,,,,FlorNoviembreIntegraciondelaInfo,001,2022-11-15_17h16.57.829,PruebaGabor2,2022.1.3,59.83022575200344,
5.66943979819192,,A,95.0970964466773,0.0283471989909596,left,Left,,,,,0,117,117,117,,,,,,,,,,,,,,,,,,,,,,,,,,294.73224539999865,None,left,1,0.3806668000033824,294.8322315000005,None,295.23185509999894,None,,,,,FlorNoviembreIntegraciondelaInfo,001,2022-11-15_17h16.57.829,PruebaGabor2,2022.1.3,59.83022575200344,
6.81009826553363,,B,61.85767484988099,0.03405049132766815,right,Right,,,,,0,118,118,118,,,,,,,,,,,,,,,,,,,,,,,,,,296.31580309999845,None,right,1,0.5553461000017705,296.41583179999725,None,296.9994999999981,None,,,,,FlorNoviembreIntegraciondelaInfo,001,2022-11-15_17h16.57.829,PruebaGabor2,2022.1.3,59.83022575200344,
6.80936472563287,,B,61.52673645596381,0.03404682362816435,right,Right,,,,,0,119,119,119,,,,,,,,,,,,,,,,,,,,,,,,,,298.0830093000004,None,right,1,0.684982000002492,298.1828504999976,None,298.9002522999981,None,,,,,FlorNoviembreIntegraciondelaInfo,001,2022-11-15_17h16.57.829,PruebaGabor2,2022.1.3,59.83022575200344,
5.68107504348503,,A,95.7631520417925,0.028405375217425147,left,Left,,,,,0,120,120,120,,,,,,,,,,,,,,,,,,,,,,,,,,299.9834071000005,None,left,1,0.43943840000065393,300.08345929999996,None,300.5503060999981,None,,,,,FlorNoviembreIntegraciondelaInfo,001,2022-11-15_17h16.57.829,PruebaGabor2,2022.1.3,59.83022575200344,
5.71408702859642,,A,96.8962129941703,0.028570435142982097,left,Left,,,,,0,121,121,121,,,,,,,,,,,,,,,,,,,,,,,,,,301.63390739999886,None,left,1,0.7173285000026226,301.73422089999804,None,302.48418669999955,None,,,,,FlorNoviembreIntegraciondelaInfo,001,2022-11-15_17h16.57.829,PruebaGabor2,2022.1.3,59.83022575200344,
5.61966349235416,,A,93.80110517359181,0.0280983174617708,left,Left,,,,,0,122,122,122,,,,,,,,,,,,,,,,,,,,,,,,,,303.56786490000013,None,left,1,0.4631813000050897,303.66808479999963,None,304.1516526999985,None,,,,,FlorNoviembreIntegraciondelaInfo,001,2022-11-15_17h16.57.829,PruebaGabor2,2022.1.3,59.83022575200344,
6.88293969564259,,B,63.5604098895542,0.03441469847821295,right,Right,,,,,0,123,123,123,,,,,,,,,,,,,,,,,,,,,,,,,,305.2351725999979,None,right,1,0.5076025000016671,305.33521279999695,None,305.8688001999981,None,,,,,FlorNoviembreIntegraciondelaInfo,001,2022-11-15_17h16.57.829,PruebaGabor2,2022.1.3,59.83022575200344,
5.69546311447876,,A,96.5020672662619,0.0284773155723938,left,Left,,,,,0,124,124,124,,,,,,,,,,,,,,,,,,,,,,,,,,306.9526165999996,None,left,1,0.5192685000038182,307.0523820999988,None,307.6025746999985,None,,,,,FlorNoviembreIntegraciondelaInfo,001,2022-11-15_17h16.57.829,PruebaGabor2,2022.1.3,59.83022575200344,
5.69509971281174,,A,96.14408698615871,0.0284754985640587,left,Left,,,,,0,125,125,125,,,,,,,,,,,,,,,,,,,,,,,,,,308.68619319999925,None,left,1,0.35275880000335746,308.78629819999696,None,309.1698007999985,None,,,,,FlorNoviembreIntegraciondelaInfo,001,2022-11-15_17h16.57.829,PruebaGabor2,2022.1.3,59.83022575200344,
6.83542056764119,,B,62.319561820170996,0.03417710283820595,right,Right,,,,,0,126,126,126,,,,,,,,,,,,,,,,,,,,,,,,,,310.2534420999982,None,right,1,0.47417290000157664,310.3536079999976,None,310.8535183999993,None,,,,,FlorNoviembreIntegraciondelaInfo,001,2022-11-15_17h16.57.829,PruebaGabor2,2022.1.3,59.83022575200344,
6.72415542625381,,B,59.169120729826,0.03362077713126905,right,Right,,,,,0,127,127,127,,,,,,,,,,,,,,,,,,,,,,,,,,311.9373321999992,None,right,1,0.45391050000398536,312.0372697999992,None,312.52082339999833,None,,,,,FlorNoviembreIntegraciondelaInfo,001,2022-11-15_17h16.57.829,PruebaGabor2,2022.1.3,59.83022575200344,
6.78411398226654,,B,60.527632698776,0.0339205699113327,right,Right,,,,,0,128,128,128,,,,,,,,,,,,,,,,,,,,,,,,,,313.6045434999978,None,right,1,0.3787599000024784,313.70452569999907,None,314.1045204000002,None,,,,,FlorNoviembreIntegraciondelaInfo,001,2022-11-15_17h16.57.829,PruebaGabor2,2022.1.3,59.83022575200344,
6.77818430152097,,B,60.6401029342392,0.03389092150760485,right,Right,,,,,0,129,129,129,,,,,,,,,,,,,,,,,,,,,,,,,,315.18825859999924,None,right,1,0.3710670000036771,315.2884520999978,None,315.68827189999865,None,,,,,FlorNoviembreIntegraciondelaInfo,001,2022-11-15_17h16.57.829,PruebaGabor2,2022.1.3,59.83022575200344,
5.64198256395383,,A,94.6049950768711,0.02820991281976915,left,Left,,,,,0,130,130,130,,,,,,,,,,,,,,,,,,,,,,,,,,316.7715634999986,None,left,1,0.5883998000026622,316.8715924999997,None,317.4891917999994,None,,,,,FlorNoviembreIntegraciondelaInfo,001,2022-11-15_17h16.57.829,PruebaGabor2,2022.1.3,59.83022575200344,
5.76543762239762,,A,98.4588262313533,0.0288271881119881,left,Left,,,,,0,131,131,131,,,,,,,,,,,,,,,,,,,,,,,,,,318.5722360999971,None,left,1,0.3869094000037876,318.67217719999826,None,319.089798099998,None,,,,,FlorNoviembreIntegraciondelaInfo,001,2022-11-15_17h16.57.829,PruebaGabor2,2022.1.3,59.83022575200344,
6.75190694446415,,B,59.5271992954903,0.03375953472232075,right,Right,,,,,0,132,132,132,,,,,,,,,,,,,,,,,,,,,,,,,,320.1728196999975,None,right,1,0.5379190000057861,320.27294699999766,None,320.83969579999757,None,,,,,FlorNoviembreIntegraciondelaInfo,001,2022-11-15_17h16.57.829,PruebaGabor2,2022.1.3,59.83022575200344,
6.77207062120724,,B,60.472795423691196,0.033860353106036196,right,Right,,,,,0,133,133,133,,,,,,,,,,,,,,,,,,,,,,,,,,321.9237206999969,None,right,1,0.41986280000492116,322.0236772999997,None,322.4739948999995,None,,,,,FlorNoviembreIntegraciondelaInfo,001,2022-11-15_17h16.57.829,PruebaGabor2,2022.1.3,59.83022575200344,
6.80940496519268,,B,61.273211643981796,0.034047024825963404,right,Right,,,,,0,134,134,134,,,,,,,,,,,,,,,,,,,,,,,,,,323.55790479999996,None,right,1,0.4431003000026976,323.65758339999957,None,324.1243168000001,None,,,,,FlorNoviembreIntegraciondelaInfo,001,2022-11-15_17h16.57.829,PruebaGabor2,2022.1.3,59.83022575200344,
6.80580001353416,,B,61.524911204989195,0.0340290000676708,right,Right,,,,,0,135,135,135,,,,,,,,,,,,,,,,,,,,,,,,,,325.20790560000023,None,right,1,0.4473463000031188,325.3083491999969,None,325.7751728999974,None,,,,,FlorNoviembreIntegraciondelaInfo,001,2022-11-15_17h16.57.829,PruebaGabor2,2022.1.3,59.83022575200344,
6.772172011943,,B,60.2380876322694,0.033860860059714996,right,Right,,,,,0,136,136,136,,,,,,,,,,,,,,,,,,,,,,,,,,326.8585189000005,None,right,1,0.2846895000038785,326.9585318999998,None,327.2754085999986,None,,,,,FlorNoviembreIntegraciondelaInfo,001,2022-11-15_17h16.57.829,PruebaGabor2,2022.1.3,59.83022575200344,
6.81462414177113,,B,61.571081157574405,0.03407312070885565,right,Right,,,,,0,137,137,137,,,,,,,,,,,,,,,,,,,,,,,,,,328.3590456999991,None,right,1,0.3291447000046901,328.4590645999997,None,328.8090849,None,,,,,FlorNoviembreIntegraciondelaInfo,001,2022-11-15_17h16.57.829,PruebaGabor2,2022.1.3,59.83022575200344,
5.74387030098506,,A,98.34702907635851,0.0287193515049253,left,Left,,,,,0,138,138,138,,,,,,,,,,,,,,,,,,,,,,,,,,329.8925601999981,None,left,1,0.5147643000054813,329.99253859999953,None,330.528036599997,None,,,,,FlorNoviembreIntegraciondelaInfo,001,2022-11-15_17h16.57.829,PruebaGabor2,2022.1.3,59.83022575200344,
5.7617671493766,,A,98.2968726678025,0.028808835746882998,left,Left,,,,,0,139,139,139,,,,,,,,,,,,,,,,,,,,,,,,,,331.62587559999884,None,left,1,0.4457479000011517,331.725956899998,None,332.1927534999995,None,,,,,FlorNoviembreIntegraciondelaInfo,001,2022-11-15_17h16.57.829,PruebaGabor2,2022.1.3,59.83022575200344,
5.69342060814941,,A,96.5736837929028,0.02846710304074705,left,Left,,,,,0,140,140,140,,,,,,,,,,,,,,,,,,,,,,,,,,333.27640690000044,None,left,1,0.38648980000289157,333.3764682999972,None,333.7933832999988,None,,,,,FlorNoviembreIntegraciondelaInfo,001,2022-11-15_17h16.57.829,PruebaGabor2,2022.1.3,59.83022575200344,
5.64491080368359,,A,94.8880767670776,0.02822455401841795,left,Left,,,,,0,141,141,141,,,,,,,,,,,,,,,,,,,,,,,,,,334.8769018999992,None,left,1,0.6184426000036183,334.9769317999999,None,335.6271382999985,None,,,,,FlorNoviembreIntegraciondelaInfo,001,2022-11-15_17h16.57.829,PruebaGabor2,2022.1.3,59.83022575200344,
5.66986693322987,,A,95.4293449490428,0.02834933466614935,left,Left,,,,,0,142,142,142,,,,,,,,,,,,,,,,,,,,,,,,,,336.7108181000003,None,left,1,0.45601060000262805,336.8108579999971,None,337.2943424999976,None,,,,,FlorNoviembreIntegraciondelaInfo,001,2022-11-15_17h16.57.829,PruebaGabor2,2022.1.3,59.83022575200344,
5.73071643652732,,A,97.3926623524816,0.0286535821826366,left,Left,,,,,0,143,143,143,,,,,,,,,,,,,,,,,,,,,,,,,,338.37795469999764,None,left,1,0.406094200003281,338.47806489999857,None,338.9114945000001,None,,,,,FlorNoviembreIntegraciondelaInfo,001,2022-11-15_17h16.57.829,PruebaGabor2,2022.1.3,59.83022575200344,
6.73161659550303,,B,59.199143296204305,0.03365808297751515,right,Right,,,,,0,144,144,144,,,,,,,,,,,,,,,,,,,,,,,,,,339.99520479999774,None,right,1,0.5399129000034009,340.09582279999813,None,340.6620279999988,None,,,,,FlorNoviembreIntegraciondelaInfo,001,2022-11-15_17h16.57.829,PruebaGabor2,2022.1.3,59.83022575200344,
5.60000875324811,,A,93.4186576132482,0.02800004376624055,left,Left,,,,,0,145,145,145,,,,,,,,,,,,,,,,,,,,,,,,,,341.74566499999855,None,left,1,0.8455382000029203,341.8457557999973,None,342.712682399997,None,,,,,FlorNoviembreIntegraciondelaInfo,001,2022-11-15_17h16.57.829,PruebaGabor2,2022.1.3,59.83022575200344,
5.72405776452557,,A,96.8564099711492,0.028620288822627852,left,Left,,,,,0,146,146,146,,,,,,,,,,,,,,,,,,,,,,,,,,343.79694929999823,None,left,1,0.43459030000303756,343.89677329999904,None,344.3636542999993,None,,,,,FlorNoviembreIntegraciondelaInfo,001,2022-11-15_17h16.57.829,PruebaGabor2,2022.1.3,59.83022575200344,
5.68878195755455,,A,95.8795202192085,0.02844390978777275,left,Left,,,,,0,147,147,147,,,,,,,,,,,,,,,,,,,,,,,,,,345.4471765999988,None,left,1,0.3357636000000639,345.54739580000023,None,345.9141654999985,None,,,,,FlorNoviembreIntegraciondelaInfo,001,2022-11-15_17h16.57.829,PruebaGabor2,2022.1.3,59.83022575200344,
6.86108744277463,,B,63.2375683728506,0.03430543721387315,right,Right,,,,,0,148,148,148,,,,,,,,,,,,,,,,,,,,,,,,,,346.99785639999754,None,right,1,0.48983360000056564,347.09790799999973,None,347.6143536999989,None,,,,,FlorNoviembreIntegraciondelaInfo,001,2022-11-15_17h16.57.829,PruebaGabor2,2022.1.3,59.83022575200344,
5.7249901055715,,A,97.1937162528013,0.0286249505278575,left,Left,,,,,0,149,149,149,,,,,,,,,,,,,,,,,,,,,,,,,,348.6980532999987,None,left,1,0.6297022000035213,348.7980357999986,None,349.44824510000035,None,,,,,FlorNoviembreIntegraciondelaInfo,001,2022-11-15_17h16.57.829,PruebaGabor2,2022.1.3,59.83022575200344,
6.72991111193989,,B,59.2919005369864,0.03364955555969945,right,Right,,,,,0,150,150,150,,,,,,,,,,,,,,,,,,,,,,,,,,350.53207269999984,None,right,1,0.5717900000054215,350.63197539999965,None,351.2321774999982,None,,,,,FlorNoviembreIntegraciondelaInfo,001,2022-11-15_17h16.57.829,PruebaGabor2,2022.1.3,59.83022575200344,
,,,,,,,,,,,,,,,,,,,,,,,,,,,,,,,,,,,,,,,,,,,,,,,,,352.8492097999988,None,352.8492097999988,None,,,,,,,
