Frecuencia,Orientacion,Categoria,tecla,FrecuenciaEspacial,Orden,Training.thisRepN,Training.thisTrialN,Training.thisN,Training.thisIndex,Test.thisRepN,Test.thisTrialN,Test.thisN,Test.thisIndex,Instrucciones1.started,Instrucciones1.stopped,key_resp_3.keys,key_resp_3.started,key_resp_3.stopped,Instrucciones2.started,Instrucciones2.stopped,key_resp_4.keys,key_resp_4.started,key_resp_4.stopped,Instrucciones3.started,Instrucciones3.stopped,key_resp_5.keys,key_resp_5.started,key_resp_5.stopped,instrucciones4.started,instrucciones4.stopped,key_resp_6.keys,key_resp_6.started,key_resp_6.stopped,Instrucciones5.started,Instrucciones5.stopped,KeyRespPrueba.keys,KeyRespPrueba.corr,KeyRespPrueba.rt,KeyRespPrueba.started,KeyRespPrueba.stopped,GratingPrueba.started,GratingPrueba.stopped,FeedbackPrueb.started,FeedbackPrueb.stopped,ComienzoTexto.started,ComienzoTexto.stopped,key_resp_2.keys,key_resp_2.rt,key_resp_2.started,key_resp_2.stopped,grating2.started,grating2.stopped,key_resp.keys,key_resp.corr,key_resp.rt,key_resp.started,key_resp.stopped,feedback_2.started,feedback_2.stopped,participant,session,date,expName,psychopyVersion,frameRate,
,,,,,,,,,,,,,,13.58385660033673,15.419017500244081,None,13.58385660033673,19.507147500291467,,,,,,,,,,,,,,,,,,,,,,,,,,,,,,,,,,,,,,,,,,Antonella,001,2022-09-06_16h13.21.940,PruebaGabor2,2022.1.3,59.9494145361199,
,,,,,,,,,,,,,,,,,,,15.419017500244081,20.858636300079525,None,15.419017500244081,25.66403690027073,,,,,,,,,,,,,,,,,,,,,,,,,,,,,,,,,,,,,Antonella,001,2022-09-06_16h13.21.940,PruebaGabor2,2022.1.3,59.9494145361199,
,,,,,,,,,,,,,,,,,,,,,,,,20.858636300079525,27.566516500432044,None,20.858636300079525,35.25869670044631,,,,,,,,,,,,,,,,,,,,,,,,,,,,,,,,Antonella,001,2022-09-06_16h13.21.940,PruebaGabor2,2022.1.3,59.9494145361199,
,,,,,,,,,,,,,,,,,,,,,,,,,,,,,27.566516500432044,36.04288510000333,None,27.566516500432044,None,,,,,,,,,,,,,,,,,,,,,,,,,,,Antonella,001,2022-09-06_16h13.21.940,PruebaGabor2,2022.1.3,59.9494145361199,
5.67245986027589,152.453452021453,A,left,0.028362299301379453,1,0,0,0,0,,,,,,,,,,,,,,,,,,,,,,,,,36.04288510000333,40.0473338002339,left,1,1.625343999825418,49.041222900152206,None,48.94098740024492,None,50.69350410019979,None,,,,,,,,,,,,,,,,Antonella,001,2022-09-06_16h13.21.940,PruebaGabor2,2022.1.3,59.9494145361199,
6.80210572350653,99.4292669698824,B,right,0.03401052861753265,2,0,1,1,1,,,,,,,,,,,,,,,,,,,,,,,,,,,left,0,0.7879453995265067,51.87814610032365,None,51.77764660026878,None,52.69836330041289,None,,,,,,,,,,,,,,,,Antonella,001,2022-09-06_16h13.21.940,PruebaGabor2,2022.1.3,59.9494145361199,
5.67941475951967,151.666501561788,A,left,0.02839707379759835,3,0,2,2,2,,,,,,,,,,,,,,,,,,,,,,,,,,,right,0,0.5701028001494706,53.89677750039846,None,53.79677220014855,None,54.50062210019678,None,,,,,,,,,,,,,,,,Antonella,001,2022-09-06_16h13.21.940,PruebaGabor2,2022.1.3,59.9494145361199,
5.65585269156395,151.419628283771,A,left,0.028279263457819753,4,0,3,3,3,,,,,,,,,,,,,,,,,,,,,,,,,,,left,1,0.5596915995702147,55.699323900043964,None,55.59864710038528,None,56.282763900235295,None,,,,,,,,,,,,,,,,Antonella,001,2022-09-06_16h13.21.940,PruebaGabor2,2022.1.3,59.9494145361199,
5.75538637723267,153.504117723871,A,left,0.02877693188616335,5,0,4,4,4,,,,,,,,,,,,,,,,,,,,,,,,,,,right,0,0.7426419998519123,57.46764070028439,None,57.36738990014419,None,58.235050100367516,None,,,,,,,,,,,,,,,,Antonella,001,2022-09-06_16h13.21.940,PruebaGabor2,2022.1.3,59.9494145361199,
5.7508286515016,154.083947047562,A,left,0.028754143257507997,6,0,5,5,5,,,,,,,,,,,,,,,,,,,,,,,,,,,right,0,0.7109688995406032,59.41954920021817,None,59.31960920011625,None,60.153856000397354,None,,,,,,,,,,,,,,,,Antonella,001,2022-09-06_16h13.21.940,PruebaGabor2,2022.1.3,59.9494145361199,
5.67564343832945,154.059955397458,A,left,0.02837821719164725,7,0,6,6,6,,,,,,,,,,,,,,,,,,,,,,,,,,,right,0,0.6636875998228788,61.33852370036766,None,61.238220900297165,None,62.02244050009176,None,,,,,,,,,,,,,,,,Antonella,001,2022-09-06_16h13.21.940,PruebaGabor2,2022.1.3,59.9494145361199,
6.7567322056875,99.1628345215938,B,right,0.0337836610284375,8,0,7,7,7,,,,,,,,,,,,,,,,,,,,,,,,,,,left,0,1.203202999662608,63.2073555001989,None,63.106944400351495,None,64.44197170017287,None,,,,,,,,,,,,,,,,Antonella,001,2022-09-06_16h13.21.940,PruebaGabor2,2022.1.3,59.9494145361199,
6.83077650682998,95.6372159808997,B,right,0.0341538825341499,9,0,8,8,8,,,,,,,,,,,,,,,,,,,,,,,,,,,right,1,0.8244423996657133,65.62651810003445,None,65.5264750001952,None,66.47773210005835,None,,,,,,,,,,,,,,,,Antonella,001,2022-09-06_16h13.21.940,PruebaGabor2,2022.1.3,59.9494145361199,
6.8527873210936,96.309129997751,B,right,0.034263936605468,10,0,9,9,9,,,,,,,,,,,,,,,,,,,,,,,,,,,right,1,0.6443284996785223,67.6625343002379,None,67.56262280000374,None,68.33004610007629,None,,,,,,,,,,,,,,,,Antonella,001,2022-09-06_16h13.21.940,PruebaGabor2,2022.1.3,59.9494145361199,
5.71255945233368,151.627061988579,A,left,0.028562797261668396,11,0,10,10,10,,,,,,,,,,,,,,,,,,,,,,,,,,,left,1,1.0476789996027946,69.51491890009493,None,69.41458480013534,None,70.58254820015281,None,,,,,,,,,,,,,,,,Antonella,001,2022-09-06_16h13.21.940,PruebaGabor2,2022.1.3,59.9494145361199,
5.68883013475899,149.520138400531,A,left,0.028444150673794952,12,0,11,11,11,,,,,,,,,,,,,,,,,,,,,,,,,,,left,1,1.1712659997865558,71.76739700045437,None,71.6674380004406,None,72.9688152000308,None,,,,,,,,,,,,,,,,Antonella,001,2022-09-06_16h13.21.940,PruebaGabor2,2022.1.3,59.9494145361199,
6.77060987577728,100.769354151297,B,right,0.033853049378886405,13,0,12,12,12,,,,,,,,,,,,,,,,,,,,,,,,,,,right,1,0.8969563995487988,74.15340920025483,None,74.05331190023571,None,75.07123210001737,None,,,,,,,,,,,,,,,,Antonella,001,2022-09-06_16h13.21.940,PruebaGabor2,2022.1.3,59.9494145361199,
5.72929173891045,152.547911440747,A,left,0.02864645869455225,14,0,13,13,13,,,,,,,,,,,,,,,,,,,,,,,,,,,right,0,1.1795503995381296,76.25587820028886,None,76.15594410011545,None,77.45730830030516,None,,,,,,,,,,,,,,,,Antonella,001,2022-09-06_16h13.21.940,PruebaGabor2,2022.1.3,59.9494145361199,
6.79560461389336,95.6732342354127,B,right,0.0339780230694668,15,0,14,14,14,,,,,,,,,,,,,,,,,,,,,,,,,,,left,0,0.6968042999505997,78.6421003001742,None,78.54190030042082,None,79.35951700014994,None,,,,,,,,,,,,,,,,Antonella,001,2022-09-06_16h13.21.940,PruebaGabor2,2022.1.3,59.9494145361199,
6.78987259286191,97.6463219968677,B,right,0.033949362964309546,16,0,15,15,15,,,,,,,,,,,,,,,,,,,,,,,,,,,left,0,0.5783192995004356,80.54415050009266,None,80.44379500020295,None,81.14488150039688,None,,,,,,,,,,,,,,,,Antonella,001,2022-09-06_16h13.21.940,PruebaGabor2,2022.1.3,59.9494145361199,
6.7937359242632,98.7564149697548,B,right,0.033968679621316,17,0,16,16,16,,,,,,,,,,,,,,,,,,,,,,,,,,,right,1,0.6489515998400748,82.32950290013105,None,82.22948700003326,None,82.99732220033184,None,,,,,,,,,,,,,,,,Antonella,001,2022-09-06_16h13.21.940,PruebaGabor2,2022.1.3,59.9494145361199,
5.61469086173203,156.117241799383,A,left,0.02807345430866015,18,0,17,17,17,,,,,,,,,,,,,,,,,,,,,,,,,,,right,0,0.9487829995341599,84.18178050033748,None,84.08173600025475,None,85.14951890008524,None,,,,,,,,,,,,,,,,Antonella,001,2022-09-06_16h13.21.940,PruebaGabor2,2022.1.3,59.9494145361199,
6.77111532989552,94.9967013950831,B,right,0.0338555766494776,19,0,18,18,18,,,,,,,,,,,,,,,,,,,,,,,,,,,left,0,0.9887353000231087,86.33400300005451,None,86.21693260036409,None,87.35173950018361,None,,,,,,,,,,,,,,,,Antonella,001,2022-09-06_16h13.21.940,PruebaGabor2,2022.1.3,59.9494145361199,
6.79057937792502,96.2591992028893,B,right,0.0339528968896251,20,0,19,19,19,,,,,,,,,,,,,,,,,,,,,,,,,,,left,0,0.33828340005129576,88.53675690013915,None,88.43674690043554,None,88.90374290011823,None,,,,,,,,,,,,,,,,Antonella,001,2022-09-06_16h13.21.940,PruebaGabor2,2022.1.3,59.9494145361199,
,,,,,,,,,,,,,,,,,,,,,,,,,,,,,,,,,,,,,,,,,,,,,90.42213440034539,None,space,3.823867699597031,90.90622280025855,None,,,,,,,,,,Antonella,001,2022-09-06_16h13.21.940,PruebaGabor2,2022.1.3,59.9494145361199,
6.7699292388116,95.4409030654879,B,right,0.033849646194058,1,,,,,0,0,0,0,,,,,,,,,,,,,,,,,,,,,,,,,,,,,,,,,,,,,,94.87750770011917,None,right,1,1.4332972997799516,94.9778859000653,None,96.42920150002465,None,Antonella,001,2022-09-06_16h13.21.940,PruebaGabor2,2022.1.3,59.9494145361199,
6.83806567852327,95.9180114555596,B,right,0.03419032839261635,2,,,,,0,1,1,1,,,,,,,,,,,,,,,,,,,,,,,,,,,,,,,,,,,,,,97.51363180018961,None,right,1,0.25430909963324666,97.6137382001616,None,97.89752570027485,None,Antonella,001,2022-09-06_16h13.21.940,PruebaGabor2,2022.1.3,59.9494145361199,
6.74990463300666,94.2474965407515,B,right,0.0337495231650333,3,,,,,0,2,2,2,,,,,,,,,,,,,,,,,,,,,,,,,,,,,,,,,,,,,,98.98211210034788,None,right,1,0.5207476997748017,99.08225890016183,None,99.6327479002066,None,Antonella,001,2022-09-06_16h13.21.940,PruebaGabor2,2022.1.3,59.9494145361199,
6.82656905934969,93.6826596207915,B,right,0.03413284529674845,4,,,,,0,3,3,3,,,,,,,,,,,,,,,,,,,,,,,,,,,,,,,,,,,,,,100.71734170010313,None,right,1,0.5215314999222755,100.81722290022299,None,101.3681778004393,None,Antonella,001,2022-09-06_16h13.21.940,PruebaGabor2,2022.1.3,59.9494145361199,
6.71928484592194,95.3620858357987,B,right,0.0335964242296097,5,,,,,0,4,4,4,,,,,,,,,,,,,,,,,,,,,,,,,,,,,,,,,,,,,,102.45271680038422,None,right,1,0.4501326000317931,102.55275270016864,None,103.02018460026011,None,Antonella,001,2022-09-06_16h13.21.940,PruebaGabor2,2022.1.3,59.9494145361199,
6.83743003953769,97.7344243139596,B,right,0.03418715019768845,6,,,,,0,5,5,5,,,,,,,,,,,,,,,,,,,,,,,,,,,,,,,,,,,,,,104.10470490017906,None,right,1,0.44643930019810796,104.20467480039224,None,104.67215570015833,None,Antonella,001,2022-09-06_16h13.21.940,PruebaGabor2,2022.1.3,59.9494145361199,
6.78925783561738,94.3501297535519,B,right,0.0339462891780869,7,,,,,0,6,6,6,,,,,,,,,,,,,,,,,,,,,,,,,,,,,,,,,,,,,,105.75673810020089,None,right,1,0.38541969982907176,105.85676570003852,None,106.2737584002316,None,Antonella,001,2022-09-06_16h13.21.940,PruebaGabor2,2022.1.3,59.9494145361199,
5.68501230055945,153.224921516067,A,left,0.02842506150279725,8,,,,,0,7,7,7,,,,,,,,,,,,,,,,,,,,,,,,,,,,,,,,,,,,,,107.35833520023152,None,left,1,0.5676470994949341,107.4583557001315,None,108.0589159000665,None,Antonella,001,2022-09-06_16h13.21.940,PruebaGabor2,2022.1.3,59.9494145361199,
6.83048530467933,98.4125588764928,B,right,0.03415242652339665,9,,,,,0,8,8,8,,,,,,,,,,,,,,,,,,,,,,,,,,,,,,,,,,,,,,109.14357300009578,None,right,1,0.4791262000799179,109.24356430023909,None,109.74434160022065,None,Antonella,001,2022-09-06_16h13.21.940,PruebaGabor2,2022.1.3,59.9494145361199,
6.8313068904997,97.9845524463792,B,right,0.0341565344524985,10,,,,,0,9,9,9,,,,,,,,,,,,,,,,,,,,,,,,,,,,,,,,,,,,,,110.82904570037499,None,right,1,0.641416400205344,110.92926510004327,None,111.59664860041812,None,Antonella,001,2022-09-06_16h13.21.940,PruebaGabor2,2022.1.3,59.9494145361199,
6.81614535800323,93.5248046035692,B,right,0.03408072679001615,11,,,,,0,10,10,10,,,,,,,,,,,,,,,,,,,,,,,,,,,,,,,,,,,,,,112.68120850017294,None,right,1,0.5501540000550449,112.78116410039365,None,113.34861780004576,None,Antonella,001,2022-09-06_16h13.21.940,PruebaGabor2,2022.1.3,59.9494145361199,
6.74646763832918,98.1959469530605,B,right,0.0337323381916459,12,,,,,0,11,11,11,,,,,,,,,,,,,,,,,,,,,,,,,,,,,,,,,,,,,,114.43263930035755,None,right,1,0.5411162995733321,114.53308090008795,None,115.10047780023888,None,Antonella,001,2022-09-06_16h13.21.940,PruebaGabor2,2022.1.3,59.9494145361199,
6.72202624735968,96.975585342811,B,right,0.0336101312367984,13,,,,,0,12,12,12,,,,,,,,,,,,,,,,,,,,,,,,,,,,,,,,,,,,,,116.18505200045183,None,right,1,0.4774110997095704,116.28498230036348,None,116.78549140039831,None,Antonella,001,2022-09-06_16h13.21.940,PruebaGabor2,2022.1.3,59.9494145361199,
5.74401131337158,152.133278836357,A,left,0.028720056566857898,14,,,,,0,13,13,13,,,,,,,,,,,,,,,,,,,,,,,,,,,,,,,,,,,,,,117.87053680000827,None,left,1,0.32133139995858073,117.97074750019237,None,118.32092810003087,None,Antonella,001,2022-09-06_16h13.21.940,PruebaGabor2,2022.1.3,59.9494145361199,
6.82181329196282,96.8463938784845,B,right,0.0341090664598141,15,,,,,0,14,14,14,,,,,,,,,,,,,,,,,,,,,,,,,,,,,,,,,,,,,,119.40563220018521,None,right,1,0.6330793998204172,119.50581700028852,None,120.15671210037544,None,Antonella,001,2022-09-06_16h13.21.940,PruebaGabor2,2022.1.3,59.9494145361199,
5.67989626505887,147.527984556444,A,left,0.02839948132529435,16,,,,,0,15,15,15,,,,,,,,,,,,,,,,,,,,,,,,,,,,,,,,,,,,,,121.24084660038352,None,left,1,0.40539930015802383,121.3411763003096,None,121.77490080008283,None,Antonella,001,2022-09-06_16h13.21.940,PruebaGabor2,2022.1.3,59.9494145361199,
6.79902990211732,99.9581183266476,B,right,0.0339951495105866,17,,,,,0,16,16,16,,,,,,,,,,,,,,,,,,,,,,,,,,,,,,,,,,,,,,122.85960580036044,None,right,1,0.5871719997376204,122.95990790007636,None,123.57730430038646,None,Antonella,001,2022-09-06_16h13.21.940,PruebaGabor2,2022.1.3,59.9494145361199,
6.79254397490312,98.9920272096112,B,right,0.0339627198745156,18,,,,,0,17,17,17,,,,,,,,,,,,,,,,,,,,,,,,,,,,,,,,,,,,,,124.66161400033161,None,left,0,0.6885924995876849,124.76193440007046,None,125.47922240011394,None,Antonella,001,2022-09-06_16h13.21.940,PruebaGabor2,2022.1.3,59.9494145361199,
5.66545667157263,154.781330733928,A,left,0.02832728335786315,19,,,,,0,18,18,18,,,,,,,,,,,,,,,,,,,,,,,,,,,,,,,,,,,,,,126.56394340004772,None,right,0,0.682521800044924,126.6640445003286,None,127.3647718001157,None,Antonella,001,2022-09-06_16h13.21.940,PruebaGabor2,2022.1.3,59.9494145361199,
6.7645190524607,95.2336177372607,B,right,0.033822595262303495,20,,,,,0,19,19,19,,,,,,,,,,,,,,,,,,,,,,,,,,,,,,,,,,,,,,128.44946490041912,None,left,0,0.28482119971886277,128.5494417003356,None,128.86665600026026,None,Antonella,001,2022-09-06_16h13.21.940,PruebaGabor2,2022.1.3,59.9494145361199,
5.7247355425039,154.03874278342,A,left,0.028623677712519502,21,,,,,0,20,20,20,,,,,,,,,,,,,,,,,,,,,,,,,,,,,,,,,,,,,,129.95108260028064,None,right,0,0.1927986997179687,130.0512198000215,None,130.26825280021876,None,Antonella,001,2022-09-06_16h13.21.940,PruebaGabor2,2022.1.3,59.9494145361199,
6.7239809272339,96.2937755215141,B,right,0.033619904636169505,22,,,,,0,21,21,21,,,,,,,,,,,,,,,,,,,,,,,,,,,,,,,,,,,,,,131.3528665001504,None,right,1,0.565941899549216,131.45293320016935,None,132.03660220000893,None,Antonella,001,2022-09-06_16h13.21.940,PruebaGabor2,2022.1.3,59.9494145361199,
6.78113131452795,95.7414846680536,B,right,0.03390565657263975,23,,,,,0,22,22,22,,,,,,,,,,,,,,,,,,,,,,,,,,,,,,,,,,,,,,133.12141770031303,None,left,0,0.7088350998237729,133.22144510038197,None,133.95551970042288,None,Antonella,001,2022-09-06_16h13.21.940,PruebaGabor2,2022.1.3,59.9494145361199,
6.82931684277607,95.7864083159805,B,right,0.03414658421388035,24,,,,,0,23,23,23,,,,,,,,,,,,,,,,,,,,,,,,,,,,,,,,,,,,,,135.04017650010064,None,right,1,0.41360409976914525,135.1405633003451,None,135.5744105000049,None,Antonella,001,2022-09-06_16h13.21.940,PruebaGabor2,2022.1.3,59.9494145361199,
5.67644153938923,152.764775108236,A,left,0.02838220769694615,25,,,,,0,24,24,24,,,,,,,,,,,,,,,,,,,,,,,,,,,,,,,,,,,,,,136.6419172002934,None,left,1,0.41951220016926527,136.75881210016087,None,137.2094804001972,None,Antonella,001,2022-09-06_16h13.21.940,PruebaGabor2,2022.1.3,59.9494145361199,
5.64012026066103,153.685931681149,A,left,0.02820060130330515,26,,,,,0,25,25,25,,,,,,,,,,,,,,,,,,,,,,,,,,,,,,,,,,,,,,138.29389230022207,None,left,1,0.8964235996827483,138.39402100024745,None,139.31174500007182,None,Antonella,001,2022-09-06_16h13.21.940,PruebaGabor2,2022.1.3,59.9494145361199,
6.842829005153,98.3621884122161,B,right,0.034214145025765,27,,,,,0,26,26,26,,,,,,,,,,,,,,,,,,,,,,,,,,,,,,,,,,,,,,140.3965610000305,None,right,1,0.7859872998669744,140.49645840004086,None,141.3143037003465,None,Antonella,001,2022-09-06_16h13.21.940,PruebaGabor2,2022.1.3,59.9494145361199,
5.69641722135894,153.936240843423,A,left,0.028482086106794702,28,,,,,0,27,27,27,,,,,,,,,,,,,,,,,,,,,,,,,,,,,,,,,,,,,,142.3988606003113,None,left,1,0.7036755997687578,142.4989409004338,None,143.23378090001643,None,Antonella,001,2022-09-06_16h13.21.940,PruebaGabor2,2022.1.3,59.9494145361199,
5.76713501764912,153.04471175017,A,left,0.0288356750882456,29,,,,,0,28,28,28,,,,,,,,,,,,,,,,,,,,,,,,,,,,,,,,,,,,,,144.3173355003819,None,left,1,1.1769745000638068,144.41761650005355,None,145.61882360000163,None,Antonella,001,2022-09-06_16h13.21.940,PruebaGabor2,2022.1.3,59.9494145361199,
5.70726741374849,155.538611445948,A,left,0.028536337068742448,30,,,,,0,29,29,29,,,,,,,,,,,,,,,,,,,,,,,,,,,,,,,,,,,,,,146.70342700043693,None,left,1,0.679250699467957,146.80375410011038,None,147.50471500027925,None,Antonella,001,2022-09-06_16h13.21.940,PruebaGabor2,2022.1.3,59.9494145361199,
6.76959713053393,97.0148467305192,B,right,0.03384798565266965,31,,,,,0,30,30,30,,,,,,,,,,,,,,,,,,,,,,,,,,,,,,,,,,,,,,148.58883780008182,None,right,1,0.7531099999323487,148.68980980012566,None,149.47363960044459,None,Antonella,001,2022-09-06_16h13.21.940,PruebaGabor2,2022.1.3,59.9494145361199,
6.85830996609588,95.3472615246689,B,right,0.0342915498304794,32,,,,,0,31,31,31,,,,,,,,,,,,,,,,,,,,,,,,,,,,,,,,,,,,,,150.55847190041095,None,right,1,0.6484688995406032,150.65817930037156,None,151.3258693004027,None,Antonella,001,2022-09-06_16h13.21.940,PruebaGabor2,2022.1.3,59.9494145361199,
5.72484645929753,152.735933795035,A,left,0.02862423229648765,33,,,,,0,32,32,32,,,,,,,,,,,,,,,,,,,,,,,,,,,,,,,,,,,,,,152.4102387004532,None,left,1,0.8200273998081684,152.51028110040352,None,153.36144160013646,None,Antonella,001,2022-09-06_16h13.21.940,PruebaGabor2,2022.1.3,59.9494145361199,
5.78838212954652,153.934316214777,A,left,0.028941910647732598,34,,,,,0,33,33,33,,,,,,,,,,,,,,,,,,,,,,,,,,,,,,,,,,,,,,154.4460613001138,None,left,1,0.7363528995774686,154.5462490003556,None,155.31383020011708,None,Antonella,001,2022-09-06_16h13.21.940,PruebaGabor2,2022.1.3,59.9494145361199,
6.83470621915365,101.862614671881,B,right,0.03417353109576825,35,,,,,0,34,34,34,,,,,,,,,,,,,,,,,,,,,,,,,,,,,,,,,,,,,,156.398190300446,None,right,1,0.6320011997595429,156.49824760016054,None,157.1493441001512,None,Antonella,001,2022-09-06_16h13.21.940,PruebaGabor2,2022.1.3,59.9494145361199,
6.78769126308866,96.7068652696438,B,right,0.0339384563154433,36,,,,,0,35,35,35,,,,,,,,,,,,,,,,,,,,,,,,,,,,,,,,,,,,,,158.23361680004746,None,left,0,0.7322926996275783,158.33379550045356,None,159.08444120036438,None,Antonella,001,2022-09-06_16h13.21.940,PruebaGabor2,2022.1.3,59.9494145361199,
5.67208092365389,153.407154846201,A,left,0.02836040461826945,37,,,,,0,36,36,36,,,,,,,,,,,,,,,,,,,,,,,,,,,,,,,,,,,,,,160.16919120028615,None,left,1,0.7009393996559083,160.26938420021906,None,160.98693980043754,None,Antonella,001,2022-09-06_16h13.21.940,PruebaGabor2,2022.1.3,59.9494145361199,
6.72228149508886,98.0441542037919,B,right,0.033611407475444305,38,,,,,0,37,37,37,,,,,,,,,,,,,,,,,,,,,,,,,,,,,,,,,,,,,,162.07176650036126,None,right,1,0.790506299585104,162.1716523002833,None,162.9890622003004,None,Antonella,001,2022-09-06_16h13.21.940,PruebaGabor2,2022.1.3,59.9494145361199,
5.71535275757566,155.346928198045,A,left,0.028576763787878302,39,,,,,0,38,38,38,,,,,,,,,,,,,,,,,,,,,,,,,,,,,,,,,,,,,,164.07381020020694,None,left,1,0.6138489996083081,164.1739169000648,None,164.8079659002833,None,Antonella,001,2022-09-06_16h13.21.940,PruebaGabor2,2022.1.3,59.9494145361199,
5.62944414746382,152.806753100168,A,left,0.028147220737319102,40,,,,,0,39,39,39,,,,,,,,,,,,,,,,,,,,,,,,,,,,,,,,,,,,,,165.89261890016496,None,right,0,0.9465034999884665,165.99263610038906,None,166.96056550042704,None,Antonella,001,2022-09-06_16h13.21.940,PruebaGabor2,2022.1.3,59.9494145361199,
6.80505908760311,100.815908704948,B,right,0.03402529543801555,41,,,,,0,40,40,40,,,,,,,,,,,,,,,,,,,,,,,,,,,,,,,,,,,,,,168.04483420029283,None,left,0,0.5860674995929003,168.14495550002903,None,168.76246200036258,None,Antonella,001,2022-09-06_16h13.21.940,PruebaGabor2,2022.1.3,59.9494145361199,
6.80159567832488,95.9672025517672,B,right,0.0340079783916244,42,,,,,0,41,41,41,,,,,,,,,,,,,,,,,,,,,,,,,,,,,,,,,,,,,,169.8472820003517,None,left,0,0.5114080999046564,169.9472453002818,None,170.4810940003954,None,Antonella,001,2022-09-06_16h13.21.940,PruebaGabor2,2022.1.3,59.9494145361199,
6.77311152371576,97.129250407273,B,right,0.0338655576185788,43,,,,,0,42,42,42,,,,,,,,,,,,,,,,,,,,,,,,,,,,,,,,,,,,,,171.56570120016113,None,right,1,0.4410101999528706,171.6659826003015,None,172.13305120030418,None,Antonella,001,2022-09-06_16h13.21.940,PruebaGabor2,2022.1.3,59.9494145361199,
5.62977401581616,149.875952964348,A,left,0.0281488700790808,44,,,,,0,43,43,43,,,,,,,,,,,,,,,,,,,,,,,,,,,,,,,,,,,,,,173.2177615002729,None,left,1,0.7019621995277703,173.31802620040253,None,174.05186840007082,None,Antonella,001,2022-09-06_16h13.21.940,PruebaGabor2,2022.1.3,59.9494145361199,
6.79752942032318,97.1296441773155,B,right,0.0339876471016159,45,,,,,0,44,44,44,,,,,,,,,,,,,,,,,,,,,,,,,,,,,,,,,,,,,,175.13724960014224,None,left,0,0.6938350996933877,175.23672680044547,None,175.9541436000727,None,Antonella,001,2022-09-06_16h13.21.940,PruebaGabor2,2022.1.3,59.9494145361199,
5.69972834528702,153.930024675352,A,left,0.028498641726435098,46,,,,,0,45,45,45,,,,,,,,,,,,,,,,,,,,,,,,,,,,,,,,,,,,,,177.03877640003338,None,right,0,0.10383479949086905,177.13882290013134,None,177.2721481001936,None,Antonella,001,2022-09-06_16h13.21.940,PruebaGabor2,2022.1.3,59.9494145361199,
6.79314807020924,96.5850595680334,B,right,0.0339657403510462,47,,,,,0,46,46,46,,,,,,,,,,,,,,,,,,,,,,,,,,,,,,,,,,,,,,178.3567531001754,None,left,0,0.5379825998097658,178.45692060003057,None,179.02449430013075,None,Antonella,001,2022-09-06_16h13.21.940,PruebaGabor2,2022.1.3,59.9494145361199,
5.68415989431799,152.962848267664,A,left,0.028420799471589948,48,,,,,0,47,47,47,,,,,,,,,,,,,,,,,,,,,,,,,,,,,,,,,,,,,,180.1088760001585,None,right,0,0.12142749968916178,180.20899210032076,None,180.35924120014533,None,Antonella,001,2022-09-06_16h13.21.940,PruebaGabor2,2022.1.3,59.9494145361199,
6.75235630283236,99.5436111946232,B,right,0.0337617815141618,49,,,,,0,48,48,48,,,,,,,,,,,,,,,,,,,,,,,,,,,,,,,,,,,,,,181.4433548003435,None,right,1,0.8594675995409489,181.5435303002596,None,182.42833540029824,None,Antonella,001,2022-09-06_16h13.21.940,PruebaGabor2,2022.1.3,59.9494145361199,
5.76515478636169,153.027344502517,A,left,0.028825773931808452,50,,,,,0,49,49,49,,,,,,,,,,,,,,,,,,,,,,,,,,,,,,,,,,,,,,183.51271360041574,None,left,1,1.0371058997698128,183.61309200013056,None,184.68082140013576,None,Antonella,001,2022-09-06_16h13.21.940,PruebaGabor2,2022.1.3,59.9494145361199,
6.82856051354292,98.011159490357,B,right,0.0341428025677146,51,,,,,0,50,50,50,,,,,,,,,,,,,,,,,,,,,,,,,,,,,,,,,,,,,,185.76548030041158,None,right,1,1.1296869996003807,185.8653864003718,None,187.01767610013485,None,Antonella,001,2022-09-06_16h13.21.940,PruebaGabor2,2022.1.3,59.9494145361199,
5.66055531480926,155.699755188187,A,left,0.0283027765740463,52,,,,,0,51,51,51,,,,,,,,,,,,,,,,,,,,,,,,,,,,,,,,,,,,,,188.101345800329,None,left,1,0.7527398997917771,188.20160090038553,None,188.98578100046143,None,Antonella,001,2022-09-06_16h13.21.940,PruebaGabor2,2022.1.3,59.9494145361199,
5.63658539422254,154.153460332759,A,left,0.0281829269711127,53,,,,,0,52,52,52,,,,,,,,,,,,,,,,,,,,,,,,,,,,,,,,,,,,,,190.07027210015804,None,left,1,1.0720687001012266,190.1704269000329,None,191.27177190035582,None,Antonella,001,2022-09-06_16h13.21.940,PruebaGabor2,2022.1.3,59.9494145361199,
6.84328132911514,97.5402244552651,B,right,0.0342164066455757,54,,,,,0,53,53,53,,,,,,,,,,,,,,,,,,,,,,,,,,,,,,,,,,,,,,192.35597420018166,None,right,1,0.8018372999504209,192.45626180013642,None,193.2904398003593,None,Antonella,001,2022-09-06_16h13.21.940,PruebaGabor2,2022.1.3,59.9494145361199,
6.79293119740815,96.7478293989698,B,right,0.03396465598704075,55,,,,,0,54,54,54,,,,,,,,,,,,,,,,,,,,,,,,,,,,,,,,,,,,,,194.3751962003298,None,right,1,0.8076998996548355,194.47504500020295,None,195.30926230037585,None,Antonella,001,2022-09-06_16h13.21.940,PruebaGabor2,2022.1.3,59.9494145361199,
6.76987363125848,98.5240377716805,B,right,0.0338493681562924,56,,,,,0,55,55,55,,,,,,,,,,,,,,,,,,,,,,,,,,,,,,,,,,,,,,196.39404370030388,None,right,1,0.5961715998128057,196.49405260011554,None,197.11139800027013,None,Antonella,001,2022-09-06_16h13.21.940,PruebaGabor2,2022.1.3,59.9494145361199,
5.68220025127712,153.611907809356,A,left,0.0284110012563856,57,,,,,0,56,56,56,,,,,,,,,,,,,,,,,,,,,,,,,,,,,,,,,,,,,,198.19656660035253,None,left,1,0.5933621996082366,198.29683870030567,None,198.91389420023188,None,Antonella,001,2022-09-06_16h13.21.940,PruebaGabor2,2022.1.3,59.9494145361199,
6.78639138833884,97.2605445355263,B,right,0.0339319569416942,58,,,,,0,57,57,57,,,,,,,,,,,,,,,,,,,,,,,,,,,,,,,,,,,,,,199.99893110012636,None,left,0,0.6877091000787914,200.09882700024173,None,200.81606140034273,None,Antonella,001,2022-09-06_16h13.21.940,PruebaGabor2,2022.1.3,59.9494145361199,
5.73027870850128,152.954555767055,A,left,0.0286513935425064,59,,,,,0,58,58,58,,,,,,,,,,,,,,,,,,,,,,,,,,,,,,,,,,,,,,201.90080450009555,None,left,1,1.153796499595046,202.0007941001095,None,203.18560740025714,None,Antonella,001,2022-09-06_16h13.21.940,PruebaGabor2,2022.1.3,59.9494145361199,
5.63528031190351,153.018504701313,A,left,0.02817640155951755,60,,,,,0,59,59,59,,,,,,,,,,,,,,,,,,,,,,,,,,,,,,,,,,,,,,204.27007220033556,None,left,1,0.6088405000045896,204.36997340014204,None,205.0041571003385,None,Antonella,001,2022-09-06_16h13.21.940,PruebaGabor2,2022.1.3,59.9494145361199,
6.84727082901368,97.1407373873435,B,right,0.0342363541450684,61,,,,,0,60,60,60,,,,,,,,,,,,,,,,,,,,,,,,,,,,,,,,,,,,,,206.08889810042456,None,right,1,0.8618472996167839,206.18883040035143,None,207.07331560039893,None,Antonella,001,2022-09-06_16h13.21.940,PruebaGabor2,2022.1.3,59.9494145361199,
6.84207815090439,95.6575292943562,B,right,0.03421039075452195,62,,,,,0,61,61,61,,,,,,,,,,,,,,,,,,,,,,,,,,,,,,,,,,,,,,208.1580500002019,None,left,0,1.2560322997160256,208.25813200045377,None,209.54301660042256,None,Antonella,001,2022-09-06_16h13.21.940,PruebaGabor2,2022.1.3,59.9494145361199,
5.66229444773774,156.057413534132,A,left,0.0283114722386887,63,,,,,0,62,62,62,,,,,,,,,,,,,,,,,,,,,,,,,,,,,,,,,,,,,,210.6274901004508,None,left,1,0.5788833000697196,210.7275486001745,None,211.32820020010695,None,Antonella,001,2022-09-06_16h13.21.940,PruebaGabor2,2022.1.3,59.9494145361199,
6.80925779143318,97.0960236538943,B,right,0.0340462889571659,64,,,,,0,63,63,63,,,,,,,,,,,,,,,,,,,,,,,,,,,,,,,,,,,,,,212.41271390020847,None,right,1,0.785516900010407,212.51297030039132,None,213.33063940005377,None,Antonella,001,2022-09-06_16h13.21.940,PruebaGabor2,2022.1.3,59.9494145361199,
5.73961755034158,154.635147794719,A,left,0.0286980877517079,65,,,,,0,64,64,64,,,,,,,,,,,,,,,,,,,,,,,,,,,,,,,,,,,,,,214.4152367003262,None,left,1,0.663523799739778,214.51542700035498,None,215.1992708002217,None,Antonella,001,2022-09-06_16h13.21.940,PruebaGabor2,2022.1.3,59.9494145361199,
6.84600787993086,95.2545825010161,B,right,0.0342300393996543,66,,,,,0,65,65,65,,,,,,,,,,,,,,,,,,,,,,,,,,,,,,,,,,,,,,216.2836321000941,None,right,1,0.7312034997157753,216.38407080015168,None,217.1349558001384,None,Antonella,001,2022-09-06_16h13.21.940,PruebaGabor2,2022.1.3,59.9494145361199,
5.67257797934755,153.732874264885,A,left,0.028362889896737752,67,,,,,0,66,66,66,,,,,,,,,,,,,,,,,,,,,,,,,,,,,,,,,,,,,,218.21961560007185,None,left,1,1.002818000037223,218.319835500326,None,219.3541292003356,None,Antonella,001,2022-09-06_16h13.21.940,PruebaGabor2,2022.1.3,59.9494145361199,
6.70221839671543,98.6000880276899,B,right,0.03351109198357715,68,,,,,0,67,67,67,,,,,,,,,,,,,,,,,,,,,,,,,,,,,,,,,,,,,,220.4384370003827,None,left,0,0.9198215994983912,220.53864600043744,None,221.49025330040604,None,Antonella,001,2022-09-06_16h13.21.940,PruebaGabor2,2022.1.3,59.9494145361199,
6.75517113904013,97.3877671551496,B,right,0.033775855695200654,69,,,,,0,68,68,68,,,,,,,,,,,,,,,,,,,,,,,,,,,,,,,,,,,,,,222.57475240016356,None,right,1,0.7997191995382309,222.6753790001385,None,223.4922126000747,None,Antonella,001,2022-09-06_16h13.21.940,PruebaGabor2,2022.1.3,59.9494145361199,
5.60738341162165,154.617313077604,A,left,0.02803691705810825,70,,,,,0,69,69,69,,,,,,,,,,,,,,,,,,,,,,,,,,,,,,,,,,,,,,224.5769126000814,None,left,1,0.5729568996466696,224.67707090033218,None,225.27775640040636,None,Antonella,001,2022-09-06_16h13.21.940,PruebaGabor2,2022.1.3,59.9494145361199,
5.67268533803919,150.506970526038,A,left,0.02836342669019595,71,,,,,0,70,70,70,,,,,,,,,,,,,,,,,,,,,,,,,,,,,,,,,,,,,,226.36219410039485,None,right,0,0.515837799757719,226.4624098003842,None,226.99675970012322,None,Antonella,001,2022-09-06_16h13.21.940,PruebaGabor2,2022.1.3,59.9494145361199,
5.72031743341603,153.230777913531,A,left,0.02860158716708015,72,,,,,0,71,71,71,,,,,,,,,,,,,,,,,,,,,,,,,,,,,,,,,,,,,,228.08148970035836,None,right,0,0.7415227997116745,228.18101320043206,None,228.94846820039675,None,Antonella,001,2022-09-06_16h13.21.940,PruebaGabor2,2022.1.3,59.9494145361199,
6.74867973256901,96.6728457242231,B,right,0.03374339866284505,73,,,,,0,72,72,72,,,,,,,,,,,,,,,,,,,,,,,,,,,,,,,,,,,,,,230.03304310003296,None,left,0,0.0376667995005846,230.13310610037297,None,230.19975810032338,None,Antonella,001,2022-09-06_16h13.21.940,PruebaGabor2,2022.1.3,59.9494145361199,
5.69965680810536,156.239985831272,A,left,0.0284982840405268,74,,,,,0,73,73,73,,,,,,,,,,,,,,,,,,,,,,,,,,,,,,,,,,,,,,231.2844973001629,None,left,1,0.8496986995451152,231.38501630024984,None,232.2515382003039,None,Antonella,001,2022-09-06_16h13.21.940,PruebaGabor2,2022.1.3,59.9494145361199,
6.75126623919487,101.667114114577,B,right,0.03375633119597435,75,,,,,0,74,74,74,,,,,,,,,,,,,,,,,,,,,,,,,,,,,,,,,,,,,,233.33661490026861,None,right,1,0.9257576996460557,233.43682290008292,None,234.38825480034575,None,Antonella,001,2022-09-06_16h13.21.940,PruebaGabor2,2022.1.3,59.9494145361199,
5.69818233214252,151.125217780013,A,left,0.0284909116607126,76,,,,,0,75,75,75,,,,,,,,,,,,,,,,,,,,,,,,,,,,,,,,,,,,,,235.47283860016614,None,left,1,1.277529999613762,235.57285000011325,None,236.87534920033067,None,Antonella,001,2022-09-06_16h13.21.940,PruebaGabor2,2022.1.3,59.9494145361199,
6.71443734082497,95.6065978844813,B,right,0.03357218670412485,77,,,,,0,76,76,76,,,,,,,,,,,,,,,,,,,,,,,,,,,,,,,,,,,,,,237.95897760009393,None,right,1,1.1514748996123672,238.05887110019103,None,239.22718560043722,None,Antonella,001,2022-09-06_16h13.21.940,PruebaGabor2,2022.1.3,59.9494145361199,
5.7117967943727,154.693573073291,A,left,0.0285589839718635,78,,,,,0,77,77,77,,,,,,,,,,,,,,,,,,,,,,,,,,,,,,,,,,,,,,240.31149170035496,None,left,1,0.4545974996872246,240.4115843004547,None,240.89605610026047,None,Antonella,001,2022-09-06_16h13.21.940,PruebaGabor2,2022.1.3,59.9494145361199,
6.80030669176931,97.4269916856725,B,right,0.03400153345884655,79,,,,,0,78,78,78,,,,,,,,,,,,,,,,,,,,,,,,,,,,,,,,,,,,,,241.9803020004183,None,right,1,0.5308129000477493,242.0801652004011,None,242.6310543003492,None,Antonella,001,2022-09-06_16h13.21.940,PruebaGabor2,2022.1.3,59.9494145361199,
6.77261703810006,92.4935814477254,B,right,0.033863085190500304,80,,,,,0,79,79,79,,,,,,,,,,,,,,,,,,,,,,,,,,,,,,,,,,,,,,243.71552720014006,None,left,0,0.59503009961918,243.8158105001785,None,244.43358720000833,None,Antonella,001,2022-09-06_16h13.21.940,PruebaGabor2,2022.1.3,59.9494145361199,
6.75670529327656,96.2270629934271,B,right,0.0337835264663828,81,,,,,0,80,80,80,,,,,,,,,,,,,,,,,,,,,,,,,,,,,,,,,,,,,,245.51765880035236,None,right,1,0.6405413998290896,245.61785220028833,None,246.28499320009723,None,Antonella,001,2022-09-06_16h13.21.940,PruebaGabor2,2022.1.3,59.9494145361199,
6.75862219094074,98.8419200672944,B,right,0.0337931109547037,82,,,,,0,81,81,81,,,,,,,,,,,,,,,,,,,,,,,,,,,,,,,,,,,,,,247.3698854004033,None,right,1,0.4363750000484288,247.46979730017483,None,247.93705150019377,None,Antonella,001,2022-09-06_16h13.21.940,PruebaGabor2,2022.1.3,59.9494145361199,
5.66592136151861,152.745850564368,A,left,0.028329606807593048,83,,,,,0,82,82,82,,,,,,,,,,,,,,,,,,,,,,,,,,,,,,,,,,,,,,249.0218180003576,None,right,0,0.07261019991710782,249.12163960002363,None,249.22188430000097,None,Antonella,001,2022-09-06_16h13.21.940,PruebaGabor2,2022.1.3,59.9494145361199,
5.66467184392733,155.703783220972,A,left,0.02832335921963665,84,,,,,0,83,83,83,,,,,,,,,,,,,,,,,,,,,,,,,,,,,,,,,,,,,,250.30635130032897,None,left,1,0.3173707998357713,250.4066998003982,None,250.75703350035474,None,Antonella,001,2022-09-06_16h13.21.940,PruebaGabor2,2022.1.3,59.9494145361199,
,,,,,,,,,,,,,,,,,,,,,,,,,,,,,,,,,,,,,,,,,,,,,,,,,,,251.8415595004335,None,left,0,0.7886627996340394,251.94169100001454,None,,,,,,,,,
