Frecuencia,Orientaciondecimal,Categoria,Tecla,FrecuenciaEspacial,Orientacion,Training.thisRepN,Training.thisTrialN,Training.thisN,Training.thisIndex,Test.thisRepN,Test.thisTrialN,Test.thisN,Test.thisIndex,Instrucciones1.started,Instrucciones1.stopped,Instrucciones2.started,Instrucciones2.stopped,Instrucciones3.started,Instrucciones3.stopped,instrucciones4.started,instrucciones4.stopped,Instrucciones5.started,Instrucciones5.stopped,KeyRespPrueba.keys,KeyRespPrueba.corr,KeyRespPrueba.rt,KeyRespPrueba.started,KeyRespPrueba.stopped,GratingPrueba.started,GratingPrueba.stopped,FeedbackPrueb.started,FeedbackPrueb.stopped,ComienzoTexto.started,ComienzoTexto.stopped,key_resp_2.keys,key_resp_2.rt,key_resp_2.started,key_resp_2.stopped,keyrespTest.keys,keyrespTest.corr,keyrespTest.rt,keyrespTest.started,keyrespTest.stopped,grating2.started,grating2.stopped,feedback_2.started,feedback_2.stopped,Gracias.started,Gracias.stopped,image.started,image.stopped,participant,session,date,expName,psychopyVersion,frameRate,
6.12015737910944,0.960355341119567,A,left,0.015300393447773598,96.0355341119567,0,0,0,0,,,,,13.912352900020778,14.445317100035027,14.445317100035027,16.445986800128594,16.445986800128594,17.463017200119793,17.463017200119793,18.263412500033155,18.263412500033155,None,left,1,0.6295989998616278,22.44788320013322,None,22.347908900119364,None,23.098014699993655,None,,,,,,,,,,,,,,,,,,,,AntoM,001,2023-10-26_15h22.23.359,PruebaGabor2,2022.1.3,60.119963350479296,
5.80474231627537,0.973560272222272,B,right,0.014511855790688427,97.3560272222272,0,1,1,1,,,,,,,,,,,,,,,right,1,0.8195658999029547,24.281762100057676,None,24.18175320001319,None,25.13196810008958,None,,,,,,,,,,,,,,,,,,,,AntoM,001,2023-10-26_15h22.23.359,PruebaGabor2,2022.1.3,60.119963350479296,
5.72673654075559,0.957490584769043,B,right,0.014316841351888977,95.74905847690431,0,2,2,2,,,,,,,,,,,,,,,right,1,1.1532340999692678,26.315736300079152,None,26.2157334999647,None,27.49938860000111,None,,,,,,,,,,,,,,,,,,,,AntoM,001,2023-10-26_15h22.23.359,PruebaGabor2,2022.1.3,60.119963350479296,
6.08635969142881,0.950826717019596,A,left,0.015215899228572026,95.0826717019596,0,3,3,3,,,,,,,,,,,,,,,right,0,0.5538187997881323,28.68314790003933,None,28.583352900110185,None,29.268074299907312,None,,,,,,,,,,,,,,,,,,,,AntoM,001,2023-10-26_15h22.23.359,PruebaGabor2,2022.1.3,60.119963350479296,
6.18055084207957,0.975046060904673,A,left,0.015451377105198925,97.5046060904673,0,4,4,4,,,,,,,,,,,,,,,left,1,1.202349399914965,30.46730630006641,None,30.36702540004626,None,31.700756000122055,None,,,,,,,,,,,,,,,,,,,,AntoM,001,2023-10-26_15h22.23.359,PruebaGabor2,2022.1.3,60.119963350479296,
5.73387135997741,0.963799584746463,B,right,0.014334678399943526,96.3799584746463,0,5,5,5,,,,,,,,,,,,,,,left,0,0.9767677998170257,32.88448949996382,None,32.784618200035766,None,33.88481090008281,None,,,,,,,,,,,,,,,,,,,,AntoM,001,2023-10-26_15h22.23.359,PruebaGabor2,2022.1.3,60.119963350479296,
5.71342981255569,0.951064757265215,B,right,0.014283574531389225,95.1064757265215,0,6,6,6,,,,,,,,,,,,,,,left,0,0.6555826999247074,35.06961590005085,None,34.968450099928305,None,35.752226900076494,None,,,,,,,,,,,,,,,,,,,,AntoM,001,2023-10-26_15h22.23.359,PruebaGabor2,2022.1.3,60.119963350479296,
6.14443638308499,0.962063258139216,A,left,0.015361090957712476,96.2063258139216,0,7,7,7,,,,,,,,,,,,,,,right,0,0.9252288998104632,36.9357483999338,None,36.83569859992713,None,37.88602719991468,None,,,,,,,,,,,,,,,,,,,,AntoM,001,2023-10-26_15h22.23.359,PruebaGabor2,2022.1.3,60.119963350479296,
6.07046245632115,0.936864268762146,A,left,0.015176156140802874,93.6864268762146,0,8,8,8,,,,,,,,,,,,,,,right,0,0.6546293997671455,39.07028189999983,None,38.96973660006188,None,39.75327920005657,None,,,,,,,,,,,,,,,,,,,,AntoM,001,2023-10-26_15h22.23.359,PruebaGabor2,2022.1.3,60.119963350479296,
5.70907130155516,0.941841048682442,B,right,0.0142726782538879,94.1841048682442,0,9,9,9,,,,,,,,,,,,,,,right,1,0.6925983999390155,40.93722359999083,None,40.83693689992651,None,41.65436069993302,None,,,,,,,,,,,,,,,,,,,,AntoM,001,2023-10-26_15h22.23.359,PruebaGabor2,2022.1.3,60.119963350479296,
,,,,,,,,,,,,,,,,,,,,,,,,,,,,,,,,,43.17102010012604,None,space,0.5182014999445528,43.67116910009645,None,,,,,,,,,,,,,,AntoM,001,2023-10-26_15h22.23.359,PruebaGabor2,2022.1.3,60.119963350479296,
6.06857759246386,0.945170612488669,A,left,0.01517144398115965,94.5170612488669,,,,,0,0,0,0,,,,,,,,,,,,,,,,,,,,,,,,,,left,1,1.568302599946037,44.43806859990582,None,44.33805870008655,None,46.0385179000441,None,,,,,AntoM,001,2023-10-26_15h22.23.359,PruebaGabor2,2022.1.3,60.119963350479296,
6.26853264975939,0.999594929800666,A,left,0.015671331624398474,99.9594929800666,,,,,0,1,1,1,,,,,,,,,,,,,,,,,,,,,,,,,,left,1,0.7588586998172104,47.22232840000652,None,47.12314180005342,None,48.0058718000073,None,,,,,AntoM,001,2023-10-26_15h22.23.359,PruebaGabor2,2022.1.3,60.119963350479296,
5.68358755276876,0.947417659413647,B,right,0.014208968881921899,94.74176594136469,,,,,0,2,2,2,,,,,,,,,,,,,,,,,,,,,,,,,,right,1,0.7434679998550564,49.18959999992512,None,49.08956449991092,None,49.95644280011766,None,,,,,AntoM,001,2023-10-26_15h22.23.359,PruebaGabor2,2022.1.3,60.119963350479296,
5.79393927440919,0.982277301965931,B,right,0.014484848186022976,98.2277301965931,,,,,0,3,3,3,,,,,,,,,,,,,,,,,,,,,,,,,,left,0,0.6727817000355572,51.140212200116366,None,51.040447500068694,None,51.84037320013158,None,,,,,AntoM,001,2023-10-26_15h22.23.359,PruebaGabor2,2022.1.3,60.119963350479296,
5.92146189910992,1.02631741101465,B,right,0.0148036547477748,102.631741101465,,,,,0,4,4,4,,,,,,,,,,,,,,,,,,,,,,,,,,left,0,0.6442040998954326,53.02476670010947,None,52.92465870012529,None,53.690940600121394,None,,,,,AntoM,001,2023-10-26_15h22.23.359,PruebaGabor2,2022.1.3,60.119963350479296,
6.13568199720158,0.955533049987392,A,left,0.01533920499300395,95.5533049987392,,,,,0,5,5,5,,,,,,,,,,,,,,,,,,,,,,,,,,right,0,0.6102204998023808,54.87467200006358,None,54.77465549996123,None,55.5081613000948,None,,,,,AntoM,001,2023-10-26_15h22.23.359,PruebaGabor2,2022.1.3,60.119963350479296,
6.14012598888524,0.964184109460307,A,left,0.015350314972213099,96.41841094603069,,,,,0,6,6,6,,,,,,,,,,,,,,,,,,,,,,,,,,right,0,0.6249464999418706,56.69190079998225,None,56.59189969999716,None,57.34210640005767,None,,,,,AntoM,001,2023-10-26_15h22.23.359,PruebaGabor2,2022.1.3,60.119963350479296,
5.76125666784697,0.96845609797586,B,right,0.014403141669617425,96.845609797586,,,,,0,7,7,7,,,,,,,,,,,,,,,,,,,,,,,,,,left,0,0.6956091998144984,58.5262204001192,None,58.42582340002991,None,59.24268379993737,None,,,,,AntoM,001,2023-10-26_15h22.23.359,PruebaGabor2,2022.1.3,60.119963350479296,
6.19611800813184,0.971875507569429,A,left,0.0154902950203296,97.1875507569429,,,,,0,8,8,8,,,,,,,,,,,,,,,,,,,,,,,,,,left,1,0.9710947000421584,60.42647089995444,None,60.32644210010767,None,61.42692409991287,None,,,,,AntoM,001,2023-10-26_15h22.23.359,PruebaGabor2,2022.1.3,60.119963350479296,
5.86151929869883,0.993914655716442,B,right,0.014653798246747073,99.3914655716442,,,,,0,9,9,9,,,,,,,,,,,,,,,,,,,,,,,,,,left,0,1.2986747997347265,62.61049220012501,None,62.510422399966046,None,63.927686400013044,None,,,,,AntoM,001,2023-10-26_15h22.23.359,PruebaGabor2,2022.1.3,60.119963350479296,
5.77630596172822,0.962421594423274,B,right,0.01444076490432055,96.2421594423274,,,,,0,10,10,10,,,,,,,,,,,,,,,,,,,,,,,,,,left,0,0.8545278997626156,65.11144339991733,None,65.01116760005243,None,65.99493689998053,None,,,,,AntoM,001,2023-10-26_15h22.23.359,PruebaGabor2,2022.1.3,60.119963350479296,
6.10151580755056,0.950138109196789,A,left,0.015253789518876399,95.0138109196789,,,,,0,11,11,11,,,,,,,,,,,,,,,,,,,,,,,,,,left,1,0.6592749997507781,67.17857280001044,None,67.07857090001926,None,67.86200199997984,None,,,,,AntoM,001,2023-10-26_15h22.23.359,PruebaGabor2,2022.1.3,60.119963350479296,
6.14958610860127,0.959563414828138,A,left,0.015373965271503176,95.9563414828138,,,,,0,12,12,12,,,,,,,,,,,,,,,,,,,,,,,,,,right,0,0.9272078999783844,69.04642480006441,None,68.94575130008161,None,69.9960392001085,None,,,,,AntoM,001,2023-10-26_15h22.23.359,PruebaGabor2,2022.1.3,60.119963350479296,
6.12338233317241,0.955439587340366,A,left,0.015308455832931025,95.54395873403661,,,,,0,13,13,13,,,,,,,,,,,,,,,,,,,,,,,,,,left,1,1.1533029999118298,71.18003899999894,None,71.08015249995515,None,72.36346410005353,None,,,,,AntoM,001,2023-10-26_15h22.23.359,PruebaGabor2,2022.1.3,60.119963350479296,
5.75001963410013,0.962944824955681,B,right,0.014375049085250325,96.2944824955681,,,,,0,14,14,14,,,,,,,,,,,,,,,,,,,,,,,,,,left,0,1.1698071998544037,73.5471789999865,None,73.44720700010657,None,74.7482157999184,None,,,,,AntoM,001,2023-10-26_15h22.23.359,PruebaGabor2,2022.1.3,60.119963350479296,
5.72485972566262,0.953473182754824,B,right,0.014312149314156551,95.3473182754824,,,,,0,15,15,15,,,,,,,,,,,,,,,,,,,,,,,,,,right,1,0.6506190998479724,75.93124870001338,None,75.83123530005105,None,76.61481059994549,None,,,,,AntoM,001,2023-10-26_15h22.23.359,PruebaGabor2,2022.1.3,60.119963350479296,
5.72144629939268,0.945449410798368,B,right,0.014303615748481699,94.5449410798368,,,,,0,16,16,16,,,,,,,,,,,,,,,,,,,,,,,,,,left,0,1.0550448996946216,77.7985773999244,None,77.69852919992991,None,78.88214120012708,None,,,,,AntoM,001,2023-10-26_15h22.23.359,PruebaGabor2,2022.1.3,60.119963350479296,
6.10317022281841,0.949440946310056,A,left,0.015257925557046026,94.9440946310056,,,,,0,17,17,17,,,,,,,,,,,,,,,,,,,,,,,,,,right,0,0.643544599879533,80.0659421000164,None,79.965893200133,None,80.73273560008965,None,,,,,AntoM,001,2023-10-26_15h22.23.359,PruebaGabor2,2022.1.3,60.119963350479296,
6.19757823495594,0.975076272419225,A,left,0.01549394558738985,97.5076272419225,,,,,0,18,18,18,,,,,,,,,,,,,,,,,,,,,,,,,,left,1,0.5849911998957396,81.91650629998185,None,81.816417099908,None,82.53343640011735,None,,,,,AntoM,001,2023-10-26_15h22.23.359,PruebaGabor2,2022.1.3,60.119963350479296,
6.19154122222942,0.971014564636131,A,left,0.01547885305557355,97.1014564636131,,,,,0,19,19,19,,,,,,,,,,,,,,,,,,,,,,,,,,left,1,0.7762759998440742,83.71705240011215,None,83.61703329999,None,84.51721700001508,None,,,,,AntoM,001,2023-10-26_15h22.23.359,PruebaGabor2,2022.1.3,60.119963350479296,
5.82280618078917,0.990027872817047,B,right,0.014557015451972926,99.0027872817047,,,,,0,20,20,20,,,,,,,,,,,,,,,,,,,,,,,,,,left,0,0.7522502997890115,85.70100439991802,None,85.60107979993336,None,86.48456920008175,None,,,,,AntoM,001,2023-10-26_15h22.23.359,PruebaGabor2,2022.1.3,60.119963350479296,
6.10295511379311,0.952332921338233,A,left,0.015257387784482775,95.2332921338233,,,,,0,21,21,21,,,,,,,,,,,,,,,,,,,,,,,,,,left,1,0.5849163997918367,87.6682712000329,None,87.56826710002497,None,88.28507960005663,None,,,,,AntoM,001,2023-10-26_15h22.23.359,PruebaGabor2,2022.1.3,60.119963350479296,
5.74903303458217,0.95977269005389,B,right,0.014372582586455424,95.977269005389,,,,,0,22,22,22,,,,,,,,,,,,,,,,,,,,,,,,,,right,1,0.9514477998018265,89.46954750013538,None,89.36946399998851,None,90.45246220007539,None,,,,,AntoM,001,2023-10-26_15h22.23.359,PruebaGabor2,2022.1.3,60.119963350479296,
6.10332249071821,0.941469204636867,A,left,0.015258306226795526,94.1469204636867,,,,,0,23,23,23,,,,,,,,,,,,,,,,,,,,,,,,,,left,1,0.6736584000755101,91.63620069995522,None,91.5363900999073,None,92.33641180000268,None,,,,,AntoM,001,2023-10-26_15h22.23.359,PruebaGabor2,2022.1.3,60.119963350479296,
5.99968097490873,0.925033334667538,A,left,0.014999202437271826,92.5033334667538,,,,,0,24,24,24,,,,,,,,,,,,,,,,,,,,,,,,,,left,1,1.1893624998629093,93.52011490007862,None,93.42011329997331,None,94.73715630010702,None,,,,,AntoM,001,2023-10-26_15h22.23.359,PruebaGabor2,2022.1.3,60.119963350479296,
6.22140726238893,0.987055954826509,A,left,0.015553518155972326,98.70559548265089,,,,,0,25,25,25,,,,,,,,,,,,,,,,,,,,,,,,,,left,1,1.2282477000262588,95.92088899994269,None,95.82102219993249,None,97.17209760006517,None,,,,,AntoM,001,2023-10-26_15h22.23.359,PruebaGabor2,2022.1.3,60.119963350479296,
6.1651021792138,0.973032607357878,A,left,0.0154127554480345,97.3032607357878,,,,,0,26,26,26,,,,,,,,,,,,,,,,,,,,,,,,,,left,1,0.6580242000054568,98.35499959997833,None,98.25498059997335,None,99.03842739993706,None,,,,,AntoM,001,2023-10-26_15h22.23.359,PruebaGabor2,2022.1.3,60.119963350479296,
5.95858414957618,0.902013512099687,A,left,0.01489646037394045,90.2013512099687,,,,,0,27,27,27,,,,,,,,,,,,,,,,,,,,,,,,,,right,0,0.7916923998855054,100.2221947000362,None,100.12216200004332,None,101.03913759998977,None,,,,,AntoM,001,2023-10-26_15h22.23.359,PruebaGabor2,2022.1.3,60.119963350479296,
5.75730670605796,0.969099327385741,B,right,0.0143932667651449,96.9099327385741,,,,,0,28,28,28,,,,,,,,,,,,,,,,,,,,,,,,,,right,1,1.4225353000219911,102.22282620007172,None,102.12283360003494,None,103.67382470006123,None,,,,,AntoM,001,2023-10-26_15h22.23.359,PruebaGabor2,2022.1.3,60.119963350479296,
5.91112988427744,1.00911680963552,B,right,0.0147778247106936,100.91168096355202,,,,,0,29,29,29,,,,,,,,,,,,,,,,,,,,,,,,,,left,0,0.9322001000400633,104.85704299993813,None,104.75695600011386,None,105.80724230012856,None,,,,,AntoM,001,2023-10-26_15h22.23.359,PruebaGabor2,2022.1.3,60.119963350479296,
5.70926634361352,0.944330233099657,B,right,0.0142731658590338,94.4330233099657,,,,,0,30,30,30,,,,,,,,,,,,,,,,,,,,,,,,,,left,0,1.0221068998798728,106.99177610012703,None,106.89095850009471,None,108.04183440003544,None,,,,,AntoM,001,2023-10-26_15h22.23.359,PruebaGabor2,2022.1.3,60.119963350479296,
6.12485801248184,0.954469105298774,A,left,0.0153121450312046,95.4469105298774,,,,,0,31,31,31,,,,,,,,,,,,,,,,,,,,,,,,,,left,1,0.7965553000103682,109.22525430005044,None,109.12499230005778,None,110.04188830009662,None,,,,,AntoM,001,2023-10-26_15h22.23.359,PruebaGabor2,2022.1.3,60.119963350479296,
6.30427673747426,1.00933906490591,A,left,0.01576069184368565,100.933906490591,,,,,0,32,32,32,,,,,,,,,,,,,,,,,,,,,,,,,,left,1,1.1956947997678071,111.22565959999338,None,111.12562999990769,None,112.4430052000098,None,,,,,AntoM,001,2023-10-26_15h22.23.359,PruebaGabor2,2022.1.3,60.119963350479296,
5.51977823563066,0.890699353687212,B,right,0.01379944558907665,89.0699353687212,,,,,0,33,33,33,,,,,,,,,,,,,,,,,,,,,,,,,,right,1,1.1065017997752875,113.62653349991888,None,113.52647479996085,None,114.76060390006751,None,,,,,AntoM,001,2023-10-26_15h22.23.359,PruebaGabor2,2022.1.3,60.119963350479296,
5.6249803817946,0.919723955080414,B,right,0.014062450954486501,91.9723955080414,,,,,0,34,34,34,,,,,,,,,,,,,,,,,,,,,,,,,,right,1,0.6930521999020129,115.94388290005736,None,115.84377419995144,None,116.6606085000094,None,,,,,AntoM,001,2023-10-26_15h22.23.359,PruebaGabor2,2022.1.3,60.119963350479296,
5.71658650237457,0.951140609141368,B,right,0.014291466255936424,95.1140609141368,,,,,0,35,35,35,,,,,,,,,,,,,,,,,,,,,,,,,,right,1,1.0412765997461975,117.84439400001429,None,117.74434849992394,None,118.91135119996034,None,,,,,AntoM,001,2023-10-26_15h22.23.359,PruebaGabor2,2022.1.3,60.119963350479296,
6.1357193881273,0.959708363663696,A,left,0.01533929847031825,95.97083636636961,,,,,0,36,36,36,,,,,,,,,,,,,,,,,,,,,,,,,,left,1,0.9263685999903828,120.09508370002732,None,119.99505560006946,None,121.04536590003408,None,,,,,AntoM,001,2023-10-26_15h22.23.359,PruebaGabor2,2022.1.3,60.119963350479296,
6.26656750537996,1.00063027167359,A,left,0.015666418763449902,100.063027167359,,,,,0,37,37,37,,,,,,,,,,,,,,,,,,,,,,,,,,left,1,0.6163681000471115,122.2291159001179,None,122.12905590003356,None,122.86264419998042,None,,,,,AntoM,001,2023-10-26_15h22.23.359,PruebaGabor2,2022.1.3,60.119963350479296,
5.79476158261104,0.971471500300012,B,right,0.014486903956527599,97.1471500300012,,,,,0,38,38,38,,,,,,,,,,,,,,,,,,,,,,,,,,left,0,0.6069773996714503,124.04639129992574,None,123.94685690011829,None,124.68049150006846,None,,,,,AntoM,001,2023-10-26_15h22.23.359,PruebaGabor2,2022.1.3,60.119963350479296,
5.9863840672876,1.03093001760362,B,right,0.014965960168219,103.093001760362,,,,,0,39,39,39,,,,,,,,,,,,,,,,,,,,,,,,,,left,0,0.6697725998237729,125.86357829999179,None,125.7635504999198,None,126.56382249994203,None,,,,,AntoM,001,2023-10-26_15h22.23.359,PruebaGabor2,2022.1.3,60.119963350479296,
5.84750376139092,0.990582651925465,B,right,0.014618759403477299,99.0582651925465,,,,,0,40,40,40,,,,,,,,,,,,,,,,,,,,,,,,,,right,1,0.48962859995663166,127.74770770012401,None,127.64779000007547,None,128.26430670008995,None,,,,,AntoM,001,2023-10-26_15h22.23.359,PruebaGabor2,2022.1.3,60.119963350479296,
6.21288849826978,0.979584621571075,A,left,0.015532221245674448,97.95846215710749,,,,,0,41,41,41,,,,,,,,,,,,,,,,,,,,,,,,,,left,1,0.9010687998961657,129.4480431000702,None,129.34801810001954,None,130.38162710005417,None,,,,,AntoM,001,2023-10-26_15h22.23.359,PruebaGabor2,2022.1.3,60.119963350479296,
6.11252253473772,0.943177401021497,A,left,0.0152813063368443,94.3177401021497,,,,,0,42,42,42,,,,,,,,,,,,,,,,,,,,,,,,,,left,1,0.6957227997481823,131.56537900003605,None,131.46555700013414,None,132.28219239995815,None,,,,,AntoM,001,2023-10-26_15h22.23.359,PruebaGabor2,2022.1.3,60.119963350479296,
5.72940931117956,0.956457207108974,B,right,0.0143235232779489,95.6457207108974,,,,,0,43,43,43,,,,,,,,,,,,,,,,,,,,,,,,,,right,1,0.8839760997798294,133.46595149999484,None,133.36591450008564,None,134.3828366000671,None,,,,,AntoM,001,2023-10-26_15h22.23.359,PruebaGabor2,2022.1.3,60.119963350479296,
6.21127629880887,0.985664722480509,A,left,0.015528190747022174,98.5664722480509,,,,,0,44,44,44,,,,,,,,,,,,,,,,,,,,,,,,,,left,1,0.7590506998822093,135.5666430001147,None,135.4665860000532,None,136.35016339994036,None,,,,,AntoM,001,2023-10-26_15h22.23.359,PruebaGabor2,2022.1.3,60.119963350479296,
5.77256481326521,0.964963054789697,B,right,0.014431412033163026,96.4963054789697,,,,,0,45,45,45,,,,,,,,,,,,,,,,,,,,,,,,,,right,1,0.8076553998980671,137.53389770002104,None,137.43389500002377,None,138.3674153999891,None,,,,,AntoM,001,2023-10-26_15h22.23.359,PruebaGabor2,2022.1.3,60.119963350479296,
5.75480299951536,0.967763435408495,B,right,0.0143870074987884,96.7763435408495,,,,,0,46,46,46,,,,,,,,,,,,,,,,,,,,,,,,,,left,0,0.6303673000074923,139.5511841000989,None,139.45121910003945,None,140.20192919997498,None,,,,,AntoM,001,2023-10-26_15h22.23.359,PruebaGabor2,2022.1.3,60.119963350479296,
5.85629014901359,0.992057133067979,B,right,0.014640725372533976,99.2057133067979,,,,,0,47,47,47,,,,,,,,,,,,,,,,,,,,,,,,,,right,1,1.2119265999644995,141.3851944000926,None,141.28505549998954,None,142.61878550006077,None,,,,,AntoM,001,2023-10-26_15h22.23.359,PruebaGabor2,2022.1.3,60.119963350479296,
5.73583865960956,0.957394983474905,B,right,0.0143395966490239,95.73949834749051,,,,,0,48,48,48,,,,,,,,,,,,,,,,,,,,,,,,,,right,1,1.0193808998446912,143.8025366999209,None,143.7024980999995,None,144.85302080004476,None,,,,,AntoM,001,2023-10-26_15h22.23.359,PruebaGabor2,2022.1.3,60.119963350479296,
6.22745845996357,0.985558447871418,A,left,0.015568646149908924,98.5558447871418,,,,,0,49,49,49,,,,,,,,,,,,,,,,,,,,,,,,,,left,1,1.0650883000344038,146.03653399995528,None,145.93709630006924,None,147.12018309999257,None,,,,,AntoM,001,2023-10-26_15h22.23.359,PruebaGabor2,2022.1.3,60.119963350479296,
6.20956372381649,0.974732222387147,A,left,0.015523909309541223,97.4732222387147,,,,,0,50,50,50,,,,,,,,,,,,,,,,,,,,,,,,,,left,1,0.6856354000046849,148.30391100002453,None,148.20390060008503,None,149.02080149995163,None,,,,,AntoM,001,2023-10-26_15h22.23.359,PruebaGabor2,2022.1.3,60.119963350479296,
6.12029510191348,0.956578155763197,A,left,0.015300737754783699,95.6578155763197,,,,,0,51,51,51,,,,,,,,,,,,,,,,,,,,,,,,,,right,0,1.0406582998111844,150.20451460010372,None,150.10512379999273,None,151.27228599996306,None,,,,,AntoM,001,2023-10-26_15h22.23.359,PruebaGabor2,2022.1.3,60.119963350479296,
6.13783432562915,0.95396070161752,A,left,0.015344585814072876,95.396070161752,,,,,0,52,52,52,,,,,,,,,,,,,,,,,,,,,,,,,,left,1,0.9416803999338299,152.4552581999451,None,152.3552478000056,None,153.4221608999651,None,,,,,AntoM,001,2023-10-26_15h22.23.359,PruebaGabor2,2022.1.3,60.119963350479296,
5.80784489414435,0.975842204100221,B,right,0.014519612235360874,97.5842204100221,,,,,0,53,53,53,,,,,,,,,,,,,,,,,,,,,,,,,,right,1,0.775082599837333,154.60672529996373,None,154.5059122000821,None,155.4061324999202,None,,,,,AntoM,001,2023-10-26_15h22.23.359,PruebaGabor2,2022.1.3,60.119963350479296,
6.22989654452289,0.989030907382609,A,left,0.015574741361307225,98.9030907382609,,,,,0,54,54,54,,,,,,,,,,,,,,,,,,,,,,,,,,left,1,0.6398019997868687,156.58996860007755,None,156.48985840007663,None,157.25669279997237,None,,,,,AntoM,001,2023-10-26_15h22.23.359,PruebaGabor2,2022.1.3,60.119963350479296,
6.12517965061041,0.960022981968328,A,left,0.015312949126526025,96.0022981968328,,,,,0,55,55,55,,,,,,,,,,,,,,,,,,,,,,,,,,left,1,0.9890175999607891,158.44047549995594,None,158.34047730010934,None,159.45734650013037,None,,,,,AntoM,001,2023-10-26_15h22.23.359,PruebaGabor2,2022.1.3,60.119963350479296,
5.61713650687507,0.921232795008002,B,right,0.014042841267187675,92.12327950080021,,,,,0,56,56,56,,,,,,,,,,,,,,,,,,,,,,,,,,right,1,1.0361194999422878,160.64115889999084,None,160.54109030007385,None,161.70817210013047,None,,,,,AntoM,001,2023-10-26_15h22.23.359,PruebaGabor2,2022.1.3,60.119963350479296,
6.13751172057325,0.96236183381223,A,left,0.015343779301433125,96.236183381223,,,,,0,57,57,57,,,,,,,,,,,,,,,,,,,,,,,,,,right,0,1.2179924997035414,162.89182229992002,None,162.79271499998868,None,164.14219920011237,None,,,,,AntoM,001,2023-10-26_15h22.23.359,PruebaGabor2,2022.1.3,60.119963350479296,
6.20387408616764,0.974034021011045,A,left,0.0155096852154191,97.40340210110449,,,,,0,58,58,58,,,,,,,,,,,,,,,,,,,,,,,,,,left,1,0.7518943999893963,165.32590549997985,None,165.22590710013174,None,166.11030060006306,None,,,,,AntoM,001,2023-10-26_15h22.23.359,PruebaGabor2,2022.1.3,60.119963350479296,
5.73357364249127,0.952573833350334,B,right,0.014333934106228175,95.2573833350334,,,,,0,59,59,59,,,,,,,,,,,,,,,,,,,,,,,,,,right,1,1.0560163999907672,167.29337560012937,None,167.19320069998503,None,168.3768335999921,None,,,,,AntoM,001,2023-10-26_15h22.23.359,PruebaGabor2,2022.1.3,60.119963350479296,
5.86937262252941,1.00426124863796,B,right,0.014673431556323524,100.426124863796,,,,,0,60,60,60,,,,,,,,,,,,,,,,,,,,,,,,,,left,0,0.7006941998843104,169.56060600001365,None,169.46055319998413,None,170.29434989998117,None,,,,,AntoM,001,2023-10-26_15h22.23.359,PruebaGabor2,2022.1.3,60.119963350479296,
5.75315709098395,0.964621706644502,B,right,0.014382892727459875,96.4621706644502,,,,,0,61,61,61,,,,,,,,,,,,,,,,,,,,,,,,,,right,1,0.73533929977566,171.4779286000412,None,171.3778192999307,None,172.24472890002653,None,,,,,AntoM,001,2023-10-26_15h22.23.359,PruebaGabor2,2022.1.3,60.119963350479296,
6.18591711455447,0.973625088865062,A,left,0.015464792786386175,97.3625088865062,,,,,0,62,62,62,,,,,,,,,,,,,,,,,,,,,,,,,,right,0,0.5445120998192579,173.42869420000352,None,173.32869399990886,None,173.99525359994732,None,,,,,AntoM,001,2023-10-26_15h22.23.359,PruebaGabor2,2022.1.3,60.119963350479296,
6.21837907690062,0.988063003652749,A,left,0.015545947692251549,98.80630036527491,,,,,0,63,63,63,,,,,,,,,,,,,,,,,,,,,,,,,,left,1,0.9549125998746604,175.17905530007556,None,175.07901099999435,None,176.16262910002843,None,,,,,AntoM,001,2023-10-26_15h22.23.359,PruebaGabor2,2022.1.3,60.119963350479296,
6.15341797539405,0.95871441340566,A,left,0.015383544938485125,95.871441340566,,,,,0,64,64,64,,,,,,,,,,,,,,,,,,,,,,,,,,right,0,1.059300699736923,177.34635469992645,None,177.24632679997012,None,178.4299808999058,None,,,,,AntoM,001,2023-10-26_15h22.23.359,PruebaGabor2,2022.1.3,60.119963350479296,
5.88642869535276,1.00457256960697,B,right,0.0147160717383819,100.45725696069701,,,,,0,65,65,65,,,,,,,,,,,,,,,,,,,,,,,,,,left,0,0.7517756000161171,179.61378880008124,None,179.51370480004698,None,180.3972994000651,None,,,,,AntoM,001,2023-10-26_15h22.23.359,PruebaGabor2,2022.1.3,60.119963350479296,
6.16146874091117,0.969316874790773,A,left,0.015403671852277924,96.9316874790773,,,,,0,66,66,66,,,,,,,,,,,,,,,,,,,,,,,,,,right,0,0.8563501997850835,181.58101249998435,None,181.48099080007523,None,182.46458470006473,None,,,,,AntoM,001,2023-10-26_15h22.23.359,PruebaGabor2,2022.1.3,60.119963350479296,
5.82467040352828,0.977696428810381,B,right,0.0145616760088207,97.7696428810381,,,,,0,67,67,67,,,,,,,,,,,,,,,,,,,,,,,,,,right,1,1.405518600018695,183.64831750001758,None,183.54851650004275,None,185.08205899992026,None,,,,,AntoM,001,2023-10-26_15h22.23.359,PruebaGabor2,2022.1.3,60.119963350479296,
6.23788826660639,0.988955798161105,A,left,0.015594720666515976,98.8955798161105,,,,,0,68,68,68,,,,,,,,,,,,,,,,,,,,,,,,,,left,1,0.931912399828434,186.26581289991736,None,186.16577690001577,None,187.2160748001188,None,,,,,AntoM,001,2023-10-26_15h22.23.359,PruebaGabor2,2022.1.3,60.119963350479296,
5.6708308545121,0.935076563998445,B,right,0.014177077136280249,93.50765639984449,,,,,0,69,69,69,,,,,,,,,,,,,,,,,,,,,,,,,,right,1,1.2694706998299807,188.39981520012952,None,188.29977799998596,None,189.70017349999398,None,,,,,AntoM,001,2023-10-26_15h22.23.359,PruebaGabor2,2022.1.3,60.119963350479296,
6.17097945321295,0.962323111812267,A,left,0.015427448633032375,96.2323111812267,,,,,0,70,70,70,,,,,,,,,,,,,,,,,,,,,,,,,,left,1,0.7930993000045419,190.8839594000019,None,190.78427450009622,None,191.70079819997773,None,,,,,AntoM,001,2023-10-26_15h22.23.359,PruebaGabor2,2022.1.3,60.119963350479296,
5.79360722044207,0.973513215290953,B,right,0.014484018051105173,97.3513215290953,,,,,0,71,71,71,,,,,,,,,,,,,,,,,,,,,,,,,,left,0,0.7681844998151064,192.88477599993348,None,192.78453489998356,None,193.68477099994197,None,,,,,AntoM,001,2023-10-26_15h22.23.359,PruebaGabor2,2022.1.3,60.119963350479296,
6.18707734791541,0.971640026039226,A,left,0.015467693369788524,97.1640026039226,,,,,0,72,72,72,,,,,,,,,,,,,,,,,,,,,,,,,,right,0,1.5049063998740166,194.86850109999068,None,194.7685525000561,None,196.40228620008565,None,,,,,AntoM,001,2023-10-26_15h22.23.359,PruebaGabor2,2022.1.3,60.119963350479296,
6.12139819132595,0.954608748352313,A,left,0.015303495478314874,95.46087483523131,,,,,0,73,73,73,,,,,,,,,,,,,,,,,,,,,,,,,,left,1,0.6910691997036338,197.5862281001173,None,197.48599530011415,None,198.30289230006747,None,,,,,AntoM,001,2023-10-26_15h22.23.359,PruebaGabor2,2022.1.3,60.119963350479296,
5.85866918064429,0.996785355759962,B,right,0.014646672951610724,99.6785355759962,,,,,0,74,74,74,,,,,,,,,,,,,,,,,,,,,,,,,,left,0,2.1267605999018997,199.48662100010552,None,199.3866049000062,None,201.63769200001843,None,,,,,AntoM,001,2023-10-26_15h22.23.359,PruebaGabor2,2022.1.3,60.119963350479296,
5.7496040289742,0.967017003529361,B,right,0.0143740100724355,96.7017003529361,,,,,0,75,75,75,,,,,,,,,,,,,,,,,,,,,,,,,,right,1,1.0720190999563783,202.82105359993875,None,202.72098220000044,None,203.92126070009544,None,,,,,AntoM,001,2023-10-26_15h22.23.359,PruebaGabor2,2022.1.3,60.119963350479296,
5.87018546407621,0.995854865636041,B,right,0.014675463660190523,99.58548656360409,,,,,0,76,76,76,,,,,,,,,,,,,,,,,,,,,,,,,,right,1,0.7559161998797208,205.10503789992072,None,205.00501889991574,None,205.88857450010255,None,,,,,AntoM,001,2023-10-26_15h22.23.359,PruebaGabor2,2022.1.3,60.119963350479296,
5.74060619305752,0.963454569674153,B,right,0.0143515154826438,96.3454569674153,,,,,0,77,77,77,,,,,,,,,,,,,,,,,,,,,,,,,,right,1,0.5406265000347048,207.07232869998552,None,206.97235599998385,None,207.63912989990786,None,,,,,AntoM,001,2023-10-26_15h22.23.359,PruebaGabor2,2022.1.3,60.119963350479296,
5.69471975843569,0.944102940748429,B,right,0.014236799396089225,94.41029407484291,,,,,0,78,78,78,,,,,,,,,,,,,,,,,,,,,,,,,,right,1,0.8383495998568833,208.82343539991416,None,208.72283470002003,None,209.68976920004934,None,,,,,AntoM,001,2023-10-26_15h22.23.359,PruebaGabor2,2022.1.3,60.119963350479296,
6.28067579704065,1.0012973989766,A,left,0.015701689492601624,100.12973989766,,,,,0,79,79,79,,,,,,,,,,,,,,,,,,,,,,,,,,left,1,0.8671162999235094,210.8744751000777,None,210.7734872000292,None,211.77379469992593,None,,,,,AntoM,001,2023-10-26_15h22.23.359,PruebaGabor2,2022.1.3,60.119963350479296,
5.78493185940482,0.973255368924291,B,right,0.014462329648512049,97.3255368924291,,,,,0,80,80,80,,,,,,,,,,,,,,,,,,,,,,,,,,right,1,0.7440153998322785,212.95751229999587,None,212.85748529992998,None,213.72436100011691,None,,,,,AntoM,001,2023-10-26_15h22.23.359,PruebaGabor2,2022.1.3,60.119963350479296,
5.62500053298564,0.915368859396964,B,right,0.0140625013324641,91.5368859396964,,,,,0,81,81,81,,,,,,,,,,,,,,,,,,,,,,,,,,right,1,0.6173137999139726,214.9081135999877,None,214.80806339997798,None,215.5582270999439,None,,,,,AntoM,001,2023-10-26_15h22.23.359,PruebaGabor2,2022.1.3,60.119963350479296,
6.34946789243067,1.01818364961917,A,left,0.015873669731076675,101.81836496191701,,,,,0,82,82,82,,,,,,,,,,,,,,,,,,,,,,,,,,right,0,0.8232542998157442,216.74201950011775,None,216.64203800004907,None,217.59308809996583,None,,,,,AntoM,001,2023-10-26_15h22.23.359,PruebaGabor2,2022.1.3,60.119963350479296,
5.65451822678053,0.934801305768681,B,right,0.014136295566951325,93.4801305768681,,,,,0,83,83,83,,,,,,,,,,,,,,,,,,,,,,,,,,right,1,0.6451044999994338,218.7761230999604,None,218.67596230003983,None,219.4428020999767,None,,,,,AntoM,001,2023-10-26_15h22.23.359,PruebaGabor2,2022.1.3,60.119963350479296,
6.1326173607066,0.963359780259333,A,left,0.015331543401766502,96.3359780259333,,,,,0,84,84,84,,,,,,,,,,,,,,,,,,,,,,,,,,left,1,0.9551046998240054,220.62687489995733,None,220.52654500002973,None,221.61022919998504,None,,,,,AntoM,001,2023-10-26_15h22.23.359,PruebaGabor2,2022.1.3,60.119963350479296,
6.1053391793775,0.937897030652967,A,left,0.01526334794844375,93.7897030652967,,,,,0,85,85,85,,,,,,,,,,,,,,,,,,,,,,,,,,left,1,1.0517786997370422,222.79390650009736,None,222.69389809994027,None,223.87754369992763,None,,,,,AntoM,001,2023-10-26_15h22.23.359,PruebaGabor2,2022.1.3,60.119963350479296,
6.13162269900347,0.957314898104806,A,left,0.015329056747508675,95.7314898104806,,,,,0,86,86,86,,,,,,,,,,,,,,,,,,,,,,,,,,left,1,0.5919186000246555,225.06171609996818,None,224.96127320011146,None,225.6782086000312,None,,,,,AntoM,001,2023-10-26_15h22.23.359,PruebaGabor2,2022.1.3,60.119963350479296,
6.19277988128075,0.976706282116049,A,left,0.015481949703201875,97.6706282116049,,,,,0,87,87,87,,,,,,,,,,,,,,,,,,,,,,,,,,left,1,0.7116946997120976,226.86186979990453,None,226.76305490010418,None,227.59557419992052,None,,,,,AntoM,001,2023-10-26_15h22.23.359,PruebaGabor2,2022.1.3,60.119963350479296,
5.99285097273346,0.905350144514065,A,left,0.01498212743183365,90.53501445140651,,,,,0,88,88,88,,,,,,,,,,,,,,,,,,,,,,,,,,right,0,0.9702770998701453,228.7790775001049,None,228.67915509990416,None,229.779910299927,None,,,,,AntoM,001,2023-10-26_15h22.23.359,PruebaGabor2,2022.1.3,60.119963350479296,
5.63907964828162,0.930711728359845,B,right,0.014097699120704051,93.0711728359845,,,,,0,89,89,89,,,,,,,,,,,,,,,,,,,,,,,,,,right,1,0.9299975000321865,230.96314170002006,None,230.86401039990596,None,231.91340179997496,None,,,,,AntoM,001,2023-10-26_15h22.23.359,PruebaGabor2,2022.1.3,60.119963350479296,
5.93171367863179,1.02185997727132,B,right,0.014829284196579475,102.18599772713199,,,,,0,90,90,90,,,,,,,,,,,,,,,,,,,,,,,,,,left,0,0.796812699874863,233.0971536000725,None,232.99717539991252,None,233.9140280999709,None,,,,,AntoM,001,2023-10-26_15h22.23.359,PruebaGabor2,2022.1.3,60.119963350479296,
6.14025077588483,0.960778503236884,A,left,0.015350626939712075,96.0778503236884,,,,,0,91,91,91,,,,,,,,,,,,,,,,,,,,,,,,,,left,1,0.9959758999757469,235.09777240012772,None,234.99776519997977,None,236.11471839994192,None,,,,,AntoM,001,2023-10-26_15h22.23.359,PruebaGabor2,2022.1.3,60.119963350479296,
6.2697615950146,1.005457234401,A,left,0.0156744039875365,100.5457234401,,,,,0,92,92,92,,,,,,,,,,,,,,,,,,,,,,,,,,left,1,0.6192560000345111,237.29845130001195,None,237.19850250007585,None,237.94861200009473,None,,,,,AntoM,001,2023-10-26_15h22.23.359,PruebaGabor2,2022.1.3,60.119963350479296,
5.79396752239956,0.973947978473751,B,right,0.0144849188059989,97.3947978473751,,,,,0,93,93,93,,,,,,,,,,,,,,,,,,,,,,,,,,right,1,0.7529764997307211,239.13259640010074,None,239.03233859990723,None,239.91588869993575,None,,,,,AntoM,001,2023-10-26_15h22.23.359,PruebaGabor2,2022.1.3,60.119963350479296,
5.58841714839859,0.91449574443603,B,right,0.013971042870996476,91.449574443603,,,,,0,94,94,94,,,,,,,,,,,,,,,,,,,,,,,,,,right,1,0.601730499882251,241.09978669998236,None,241.00052620004863,None,241.73312250012532,None,,,,,AntoM,001,2023-10-26_15h22.23.359,PruebaGabor2,2022.1.3,60.119963350479296,
5.71677864077337,0.946879024430758,B,right,0.014291946601933425,94.6879024430758,,,,,0,95,95,95,,,,,,,,,,,,,,,,,,,,,,,,,,right,1,0.7602444000076503,242.91710270009935,None,242.81705610011704,None,243.70041809999384,None,,,,,AntoM,001,2023-10-26_15h22.23.359,PruebaGabor2,2022.1.3,60.119963350479296,
5.72674173905152,0.955061410096049,B,right,0.0143168543476288,95.50614100960489,,,,,0,96,96,96,,,,,,,,,,,,,,,,,,,,,,,,,,right,1,0.6171198997180909,244.88418850000016,None,244.78421290009283,None,245.5178612000309,None,,,,,AntoM,001,2023-10-26_15h22.23.359,PruebaGabor2,2022.1.3,60.119963350479296,
6.03420819098285,0.926745638054909,A,left,0.015085520477457126,92.67456380549089,,,,,0,97,97,97,,,,,,,,,,,,,,,,,,,,,,,,,,left,1,0.47193749994039536,246.70140719995834,None,246.6014257001225,None,247.2014896001201,None,,,,,AntoM,001,2023-10-26_15h22.23.359,PruebaGabor2,2022.1.3,60.119963350479296,
6.28335419714318,0.994496245003009,A,left,0.01570838549285795,99.4496245003009,,,,,0,98,98,98,,,,,,,,,,,,,,,,,,,,,,,,,,left,1,0.5637401998974383,248.38564800005406,None,248.28523500007577,None,248.96873380010948,None,,,,,AntoM,001,2023-10-26_15h22.23.359,PruebaGabor2,2022.1.3,60.119963350479296,
5.7430883904568,0.959468200319375,B,right,0.014357720976142001,95.94682003193749,,,,,0,99,99,99,,,,,,,,,,,,,,,,,,,,,,,,,,left,0,0.9243715999182314,250.1527438000776,None,250.05245850002393,None,251.10296540008858,None,,,,,AntoM,001,2023-10-26_15h22.23.359,PruebaGabor2,2022.1.3,60.119963350479296,
5.71577145762946,0.952572886022271,B,right,0.01428942864407365,95.25728860222709,,,,,0,100,100,100,,,,,,,,,,,,,,,,,,,,,,,,,,left,0,0.7667380999773741,252.28645500005223,None,252.18705850001425,None,253.07011239998974,None,,,,,AntoM,001,2023-10-26_15h22.23.359,PruebaGabor2,2022.1.3,60.119963350479296,
6.23584470083591,0.978631763317795,A,left,0.015589611752089776,97.8631763317795,,,,,0,101,101,101,,,,,,,,,,,,,,,,,,,,,,,,,,left,1,1.35177670000121,254.25379410013556,None,254.1538033001125,None,255.63747150008567,None,,,,,AntoM,001,2023-10-26_15h22.23.359,PruebaGabor2,2022.1.3,60.119963350479296,
5.86276218169474,0.993369672772587,B,right,0.01465690545423685,99.33696727725871,,,,,0,102,102,102,,,,,,,,,,,,,,,,,,,,,,,,,,left,0,0.85606350004673,256.8212761001196,None,256.7212173000444,None,257.7049142001197,None,,,,,AntoM,001,2023-10-26_15h22.23.359,PruebaGabor2,2022.1.3,60.119963350479296,
5.70484682207122,0.942393110065859,B,right,0.014262117055178049,94.23931100658591,,,,,0,103,103,103,,,,,,,,,,,,,,,,,,,,,,,,,,right,1,0.6605425998568535,258.88880560011603,None,258.78851490002126,None,259.5722894000355,None,,,,,AntoM,001,2023-10-26_15h22.23.359,PruebaGabor2,2022.1.3,60.119963350479296,
5.71946897136597,0.953358490293736,B,right,0.014298672428414925,95.3358490293736,,,,,0,104,104,104,,,,,,,,,,,,,,,,,,,,,,,,,,left,0,0.8728789000306278,260.7402151999995,None,260.65644840011373,None,261.63938349997625,None,,,,,AntoM,001,2023-10-26_15h22.23.359,PruebaGabor2,2022.1.3,60.119963350479296,
6.12284890954787,0.9450234330882,A,left,0.015307122273869676,94.50234330882,,,,,0,105,105,105,,,,,,,,,,,,,,,,,,,,,,,,,,left,1,0.9907288998365402,262.8231152999215,None,262.72316789999604,None,263.8400747999549,None,,,,,AntoM,001,2023-10-26_15h22.23.359,PruebaGabor2,2022.1.3,60.119963350479296,
5.7788803828938,0.972791706973945,B,right,0.0144472009572345,97.2791706973945,,,,,0,106,106,106,,,,,,,,,,,,,,,,,,,,,,,,,,right,1,0.8699135999195278,265.0237958000507,None,264.92379299993627,None,265.92405980010517,None,,,,,AntoM,001,2023-10-26_15h22.23.359,PruebaGabor2,2022.1.3,60.119963350479296,
5.79033907072751,0.968732536404927,B,right,0.014475847676818776,96.87325364049269,,,,,0,107,107,107,,,,,,,,,,,,,,,,,,,,,,,,,,right,1,0.7784593997057527,267.1081515001133,None,267.00823900010437,None,267.90885080001317,None,,,,,AntoM,001,2023-10-26_15h22.23.359,PruebaGabor2,2022.1.3,60.119963350479296,
5.67282155962861,0.927964500454421,B,right,0.014182053899071526,92.7964500454421,,,,,0,108,108,108,,,,,,,,,,,,,,,,,,,,,,,,,,left,0,1.0415099000092596,269.0917297000997,None,268.9919525999576,None,270.16016700002365,None,,,,,AntoM,001,2023-10-26_15h22.23.359,PruebaGabor2,2022.1.3,60.119963350479296,
6.12392058161757,0.951649207481671,A,left,0.015309801454043925,95.1649207481671,,,,,0,109,109,109,,,,,,,,,,,,,,,,,,,,,,,,,,left,1,1.0166152997408062,271.34243190009147,None,271.2426891999785,None,272.3765604000073,None,,,,,AntoM,001,2023-10-26_15h22.23.359,PruebaGabor2,2022.1.3,60.119963350479296,
5.85706178862077,0.99172786538018,B,right,0.014642654471551926,99.172786538018,,,,,0,110,110,110,,,,,,,,,,,,,,,,,,,,,,,,,,left,0,0.6853087998460978,273.56063090008684,None,273.4598026999738,None,274.2773506999947,None,,,,,AntoM,001,2023-10-26_15h22.23.359,PruebaGabor2,2022.1.3,60.119963350479296,
6.07772591028661,0.936349606642924,A,left,0.015194314775716524,93.6349606642924,,,,,0,111,111,111,,,,,,,,,,,,,,,,,,,,,,,,,,right,0,1.144768999889493,275.46078470000066,None,275.3606954999268,None,276.6279532001354,None,,,,,AntoM,001,2023-10-26_15h22.23.359,PruebaGabor2,2022.1.3,60.119963350479296,
6.04698398211283,0.929149535362294,A,left,0.015117459955282075,92.9149535362294,,,,,0,112,112,112,,,,,,,,,,,,,,,,,,,,,,,,,,left,1,0.8417535000480711,277.811602700036,None,277.71146210003644,None,278.6781711000949,None,,,,,AntoM,001,2023-10-26_15h22.23.359,PruebaGabor2,2022.1.3,60.119963350479296,
5.77228093788933,0.974606892388939,B,right,0.014430702344723325,97.4606892388939,,,,,0,113,113,113,,,,,,,,,,,,,,,,,,,,,,,,,,left,0,0.7512155000586063,279.8621193000581,None,279.76212999993004,None,280.6328332000412,None,,,,,AntoM,001,2023-10-26_15h22.23.359,PruebaGabor2,2022.1.3,60.119963350479296,
6.22082018726659,0.975411108933617,A,left,0.015552050468166474,97.5411108933617,,,,,0,114,114,114,,,,,,,,,,,,,,,,,,,,,,,,,,left,1,0.6805638999212533,281.81267579994164,None,281.72906009992585,None,282.51371369999833,None,,,,,AntoM,001,2023-10-26_15h22.23.359,PruebaGabor2,2022.1.3,60.119963350479296,
5.77250282834367,0.96892016067042,B,right,0.014431257070859176,96.892016067042,,,,,0,115,115,115,,,,,,,,,,,,,,,,,,,,,,,,,,right,1,0.8604178000241518,283.69656720012426,None,283.5962813999504,None,284.57988029997796,None,,,,,AntoM,001,2023-10-26_15h22.23.359,PruebaGabor2,2022.1.3,60.119963350479296,
6.28606308393332,1.00113450593292,A,left,0.0157151577098333,100.113450593292,,,,,0,116,116,116,,,,,,,,,,,,,,,,,,,,,,,,,,left,1,0.7939262997824699,285.7639818000607,None,285.6636165000964,None,286.58051780005917,None,,,,,AntoM,001,2023-10-26_15h22.23.359,PruebaGabor2,2022.1.3,60.119963350479296,
5.82935675897633,0.975542853344832,B,right,0.014573391897440826,97.55428533448321,,,,,0,117,117,117,,,,,,,,,,,,,,,,,,,,,,,,,,left,0,1.0173180000856519,287.76424330007285,None,287.66448080004193,None,288.79788700002246,None,,,,,AntoM,001,2023-10-26_15h22.23.359,PruebaGabor2,2022.1.3,60.119963350479296,
5.81147199519575,0.976838076368852,B,right,0.014528679987989375,97.6838076368852,,,,,0,118,118,118,,,,,,,,,,,,,,,,,,,,,,,,,,right,1,0.5758644000161439,289.98168290010653,None,289.88159999996424,None,290.58180289994925,None,,,,,AntoM,001,2023-10-26_15h22.23.359,PruebaGabor2,2022.1.3,60.119963350479296,
5.68404836079864,0.943423489288286,B,right,0.014210120901996599,94.3423489288286,,,,,0,119,119,119,,,,,,,,,,,,,,,,,,,,,,,,,,right,1,1.503614999819547,291.7655279999599,None,291.66552669997327,None,293.2992559999693,None,,,,,AntoM,001,2023-10-26_15h22.23.359,PruebaGabor2,2022.1.3,60.119963350479296,
5.77876414410123,0.97341000430002,B,right,0.014446910360253076,97.341000430002,,,,,0,120,120,120,,,,,,,,,,,,,,,,,,,,,,,,,,right,1,0.8587814997881651,294.4830354000442,None,294.3829834999051,None,295.36661919998005,None,,,,,AntoM,001,2023-10-26_15h22.23.359,PruebaGabor2,2022.1.3,60.119963350479296,
6.22374119229313,0.986887578676708,A,left,0.015559352980732825,98.6887578676708,,,,,0,121,121,121,,,,,,,,,,,,,,,,,,,,,,,,,,left,1,0.9113773999270052,296.5503209999297,None,296.4503663999494,None,297.4843989999499,None,,,,,AntoM,001,2023-10-26_15h22.23.359,PruebaGabor2,2022.1.3,60.119963350479296,
5.72405495464076,0.952925287975529,B,right,0.0143101373866019,95.2925287975529,,,,,0,122,122,122,,,,,,,,,,,,,,,,,,,,,,,,,,right,1,0.8417628000024706,298.667669699993,None,298.56764260004275,None,299.53474389994517,None,,,,,AntoM,001,2023-10-26_15h22.23.359,PruebaGabor2,2022.1.3,60.119963350479296,
6.07651661218506,0.938601958057226,A,left,0.015191291530462649,93.8601958057226,,,,,0,123,123,123,,,,,,,,,,,,,,,,,,,,,,,,,,left,1,0.9588615999091417,300.71833100006916,None,300.61836869991384,None,301.70286429999396,None,,,,,AntoM,001,2023-10-26_15h22.23.359,PruebaGabor2,2022.1.3,60.119963350479296,
5.87570204217973,1.00025484390488,B,right,0.014689255105449326,100.02548439048799,,,,,0,124,124,124,,,,,,,,,,,,,,,,,,,,,,,,,,left,0,0.6635532998479903,302.8856393999886,None,302.78616379993036,None,303.5691808999982,None,,,,,AntoM,001,2023-10-26_15h22.23.359,PruebaGabor2,2022.1.3,60.119963350479296,
5.7180236529016,0.955963491965882,B,right,0.014295059132254,95.5963491965882,,,,,0,125,125,125,,,,,,,,,,,,,,,,,,,,,,,,,,left,0,0.9020679998211563,304.7529521000106,None,304.6528851001058,None,305.686604199931,None,,,,,AntoM,001,2023-10-26_15h22.23.359,PruebaGabor2,2022.1.3,60.119963350479296,
6.07122682432149,0.94106325879763,A,left,0.015178067060803727,94.10632587976299,,,,,0,126,126,126,,,,,,,,,,,,,,,,,,,,,,,,,,left,1,0.5196632998995483,306.87032849993557,None,306.77019500010647,None,307.42038769996725,None,,,,,AntoM,001,2023-10-26_15h22.23.359,PruebaGabor2,2022.1.3,60.119963350479296,
5.97681872150608,0.911432614942207,A,left,0.0149420468037652,91.1432614942207,,,,,0,127,127,127,,,,,,,,,,,,,,,,,,,,,,,,,,left,1,0.8256436998490244,308.60411860002205,None,308.50407769996673,None,309.45431870012544,None,,,,,AntoM,001,2023-10-26_15h22.23.359,PruebaGabor2,2022.1.3,60.119963350479296,
6.13386410495958,0.953306053917969,A,left,0.01533466026239895,95.3306053917969,,,,,0,128,128,128,,,,,,,,,,,,,,,,,,,,,,,,,,left,1,0.5997065999545157,310.63811519998126,None,310.5386137999594,None,311.25493800011463,None,,,,,AntoM,001,2023-10-26_15h22.23.359,PruebaGabor2,2022.1.3,60.119963350479296,
5.7318215780640696,0.955760104357309,B,right,0.014329553945160174,95.5760104357309,,,,,0,129,129,129,,,,,,,,,,,,,,,,,,,,,,,,,,right,1,0.5271238000132143,312.438631700119,None,312.33861179999076,None,312.98877350008115,None,,,,,AntoM,001,2023-10-26_15h22.23.359,PruebaGabor2,2022.1.3,60.119963350479296,
6.20719990744537,0.980501950717244,A,left,0.015517999768613424,98.0501950717244,,,,,0,130,130,130,,,,,,,,,,,,,,,,,,,,,,,,,,left,1,0.9529782999306917,314.17259329999797,None,314.0724909999408,None,315.15608280012384,None,,,,,AntoM,001,2023-10-26_15h22.23.359,PruebaGabor2,2022.1.3,60.119963350479296,
5.66458419897974,0.930410514690549,B,right,0.01416146049744935,93.0410514690549,,,,,0,131,131,131,,,,,,,,,,,,,,,,,,,,,,,,,,left,0,0.5786345999222249,316.33985610003583,None,316.23985030013137,None,316.9399709000718,None,,,,,AntoM,001,2023-10-26_15h22.23.359,PruebaGabor2,2022.1.3,60.119963350479296,
6.09951019524735,0.943525987270941,A,left,0.015248775488118376,94.35259872709409,,,,,0,132,132,132,,,,,,,,,,,,,,,,,,,,,,,,,,right,0,1.1773393999319524,318.12378669995815,None,318.02374040009454,None,319.324715499999,None,,,,,AntoM,001,2023-10-26_15h22.23.359,PruebaGabor2,2022.1.3,60.119963350479296,
6.09223554110181,0.940641587120978,A,left,0.015230588852754525,94.06415871209781,,,,,0,133,133,133,,,,,,,,,,,,,,,,,,,,,,,,,,left,1,1.0021068998612463,320.5078459000215,None,320.4078395999968,None,321.54211560008116,None,,,,,AntoM,001,2023-10-26_15h22.23.359,PruebaGabor2,2022.1.3,60.119963350479296,
6.13573463441066,0.95314850232164,A,left,0.015339336586026651,95.31485023216399,,,,,0,134,134,134,,,,,,,,,,,,,,,,,,,,,,,,,,right,0,1.2323931998107582,322.72518209996633,None,322.62541719991714,None,323.97630360000767,None,,,,,AntoM,001,2023-10-26_15h22.23.359,PruebaGabor2,2022.1.3,60.119963350479296,
5.79420789753486,0.974888605611745,B,right,0.01448551974383715,97.48886056117449,,,,,0,135,135,135,,,,,,,,,,,,,,,,,,,,,,,,,,right,1,0.7661422998644412,325.15931129991077,None,325.0592704000883,None,325.9431805999484,None,,,,,AntoM,001,2023-10-26_15h22.23.359,PruebaGabor2,2022.1.3,60.119963350479296,
5.69425632823733,0.942773445110612,B,right,0.014235640820593325,94.2773445110612,,,,,0,136,136,136,,,,,,,,,,,,,,,,,,,,,,,,,,left,0,0.9186488999985158,327.1265821000561,None,327.0265927000437,None,328.0769031001255,None,,,,,AntoM,001,2023-10-26_15h22.23.359,PruebaGabor2,2022.1.3,60.119963350479296,
5.77911196071495,0.970043481136882,B,right,0.014447779901787375,97.0043481136882,,,,,0,137,137,137,,,,,,,,,,,,,,,,,,,,,,,,,,right,1,0.5526381998788565,329.2605922999792,None,329.16062079998665,None,329.844072900014,None,,,,,AntoM,001,2023-10-26_15h22.23.359,PruebaGabor2,2022.1.3,60.119963350479296,
5.81094352765118,0.977123381916675,B,right,0.014527358819127948,97.7123381916675,,,,,0,138,138,138,,,,,,,,,,,,,,,,,,,,,,,,,,right,1,0.8661893999669701,331.0278368999716,None,330.927835599985,None,331.9113634999376,None,,,,,AntoM,001,2023-10-26_15h22.23.359,PruebaGabor2,2022.1.3,60.119963350479296,
6.12913909053435,0.952397872401946,A,left,0.015322847726335876,95.2397872401946,,,,,0,139,139,139,,,,,,,,,,,,,,,,,,,,,,,,,,left,1,0.9353926999028772,333.09534649993293,None,332.99551800009795,None,334.06200910010375,None,,,,,AntoM,001,2023-10-26_15h22.23.359,PruebaGabor2,2022.1.3,60.119963350479296,
6.09561140588835,0.936249223334369,A,left,0.015239028514720875,93.6249223334369,,,,,0,140,140,140,,,,,,,,,,,,,,,,,,,,,,,,,,left,1,0.591881399974227,335.24578840006143,None,335.145763900131,None,335.8626858999487,None,,,,,AntoM,001,2023-10-26_15h22.23.359,PruebaGabor2,2022.1.3,60.119963350479296,
6.32231364702159,1.01254707238667,A,left,0.015805784117553977,101.25470723866701,,,,,0,141,141,141,,,,,,,,,,,,,,,,,,,,,,,,,,left,1,0.9111624998040497,337.0463570000138,None,336.94633310008794,None,337.97994340001605,None,,,,,AntoM,001,2023-10-26_15h22.23.359,PruebaGabor2,2022.1.3,60.119963350479296,
5.75149101053464,0.958484567780402,B,right,0.0143787275263366,95.8484567780402,,,,,0,142,142,142,,,,,,,,,,,,,,,,,,,,,,,,,,left,0,0.6894803999457508,339.1639050000813,None,339.0637147000525,None,339.8805212001316,None,,,,,AntoM,001,2023-10-26_15h22.23.359,PruebaGabor2,2022.1.3,60.119963350479296,
6.00165126548977,0.914318612695258,A,left,0.015004128163724423,91.43186126952581,,,,,0,143,143,143,,,,,,,,,,,,,,,,,,,,,,,,,,left,1,0.5890681997407228,341.0642864999827,None,340.96426769997925,None,341.68107699998654,None,,,,,AntoM,001,2023-10-26_15h22.23.359,PruebaGabor2,2022.1.3,60.119963350479296,
6.11117821048984,0.948193715898933,A,left,0.0152779455262246,94.8193715898933,,,,,0,144,144,144,,,,,,,,,,,,,,,,,,,,,,,,,,left,1,0.6843688997905701,342.86489939992316,None,342.7648315001279,None,343.581765800016,None,,,,,AntoM,001,2023-10-26_15h22.23.359,PruebaGabor2,2022.1.3,60.119963350479296,
6.19070491005051,0.968162804042283,A,left,0.015476762275126274,96.81628040422831,,,,,0,145,145,145,,,,,,,,,,,,,,,,,,,,,,,,,,left,1,0.615630199899897,344.76567170000635,None,344.665440000128,None,345.3989355999511,None,,,,,AntoM,001,2023-10-26_15h22.23.359,PruebaGabor2,2022.1.3,60.119963350479296,
5.99310932899236,0.912897310953151,A,left,0.014982773322480901,91.28973109531509,,,,,0,146,146,146,,,,,,,,,,,,,,,,,,,,,,,,,,left,1,0.6864774997811764,346.58272029994987,None,346.4825885000173,None,347.2995432000607,None,,,,,AntoM,001,2023-10-26_15h22.23.359,PruebaGabor2,2022.1.3,60.119963350479296,
6.19324638688994,0.970971768509835,A,left,0.01548311596722485,97.0971768509835,,,,,0,147,147,147,,,,,,,,,,,,,,,,,,,,,,,,,,left,1,0.7867504998575896,348.4833116000518,None,348.38329749996774,None,349.3001329000108,None,,,,,AntoM,001,2023-10-26_15h22.23.359,PruebaGabor2,2022.1.3,60.119963350479296,
5.76186226795179,0.949386586612875,B,right,0.014404655669879475,94.9386586612875,,,,,0,148,148,148,,,,,,,,,,,,,,,,,,,,,,,,,,right,1,0.8419292997568846,350.48390040011145,None,350.38385939993896,None,351.35089410003275,None,,,,,AntoM,001,2023-10-26_15h22.23.359,PruebaGabor2,2022.1.3,60.119963350479296,
5.80699678640886,0.972042425358869,B,right,0.01451749196602215,97.20424253588689,,,,,0,149,149,149,,,,,,,,,,,,,,,,,,,,,,,,,,left,0,1.3507461997214705,352.5345990001224,None,352.4345376000274,None,353.9182577000465,None,,,,,AntoM,001,2023-10-26_15h22.23.359,PruebaGabor2,2022.1.3,60.119963350479296,
,,,,,,,,,,,,,,,,,,,,,,,,,,,,,,,,,,,,,,,,,,,,,,,,355.502125200117,None,355.502125200117,None,,,,,,,
