Frecuencia,Orientation,Categoria,tecla,FrecuenciaEspacial,Orden,Training.thisRepN,Training.thisTrialN,Training.thisN,Training.thisIndex,Test.thisRepN,Test.thisTrialN,Test.thisN,Test.thisIndex,Instrucciones1.started,Instrucciones1.stopped,key_resp_3.keys,key_resp_3.started,key_resp_3.stopped,Instrucciones2.started,Instrucciones2.stopped,key_resp_4.keys,key_resp_4.started,key_resp_4.stopped,Instrucciones3.started,Instrucciones3.stopped,key_resp_5.keys,key_resp_5.started,key_resp_5.stopped,instrucciones4.started,instrucciones4.stopped,key_resp_6.keys,key_resp_6.started,key_resp_6.stopped,Instrucciones5.started,Instrucciones5.stopped,key_resp_7.keys,key_resp_7.started,key_resp_7.stopped,KeyRespPrueba.keys,KeyRespPrueba.corr,KeyRespPrueba.started,KeyRespPrueba.stopped,GratingPrueba.started,GratingPrueba.stopped,FeedbackPrueb.started,FeedbackPrueb.stopped,KeyRespPrueba.rt,ComienzoTexto.started,ComienzoTexto.stopped,key_resp_2.keys,key_resp_2.rt,key_resp_2.started,key_resp_2.stopped,grating2.started,grating2.stopped,key_resp.keys,key_resp.corr,key_resp.rt,key_resp.started,key_resp.stopped,feedback_2.started,feedback_2.stopped,Gracias.started,Gracias.stopped,image.started,image.stopped,participant,session,date,expName,psychopyVersion,frameRate,
,,,,,,,,,,,,,,19.67912000000001,130.93031150000007,None,19.67912000000001,139.2496362,,,,,,,,,,,,,,,,,,,,,,,,,,,,,,,,,,,,,,,,,,,,,,,,,JuanSaavedra,001,2022-12-06_13h27.22.241,PruebaGabor2,2022.1.3,59.975625905633486,
,,,,,,,,,,,,,,,,,,,130.93031150000007,144.8181037,None,130.93031150000007,155.154567,,,,,,,,,,,,,,,,,,,,,,,,,,,,,,,,,,,,,,,,,,,,JuanSaavedra,001,2022-12-06_13h27.22.241,PruebaGabor2,2022.1.3,59.975625905633486,
,,,,,,,,,,,,,,,,,,,,,,,,144.8181037,157.5220043,None,144.8181037,177.49500589999997,,,,,,,,,,,,,,,,,,,,,,,,,,,,,,,,,,,,,,,JuanSaavedra,001,2022-12-06_13h27.22.241,PruebaGabor2,2022.1.3,59.975625905633486,
,,,,,,,,,,,,,,,,,,,,,,,,,,,,,157.5220043,183.61352460000006,None,157.5220043,189.88203670000001,,,,,,,,,,,,,,,,,,,,,,,,,,,,,,,,,,JuanSaavedra,001,2022-12-06_13h27.22.241,PruebaGabor2,2022.1.3,59.975625905633486,
,,,,,,,,,,,,,,,,,,,,,,,,,,,,,,,,,,183.61352460000006,190.41533610000005,None,183.61352460000006,None,,,,,,,,,,,,,,,,,,,,,,,,,,,,,JuanSaavedra,001,2022-12-06_13h27.22.241,PruebaGabor2,2022.1.3,59.975625905633486,
5.8071055031334,126.095527609804,A,left,0.029035527515667,1,0,0,0,0,,,,,,,,,,,,,,,,,,,,,,,,,,,,,,None,0,197.4008462,None,197.30069129999998,200.3014496,200.40777800000006,None,,,,,,,,,,,,,,,,,,,,,JuanSaavedra,001,2022-12-06_13h27.22.241,PruebaGabor2,2022.1.3,59.975625905633486,
5.64436961501561,120.102947993844,A,left,0.028221848075078052,4,0,1,1,1,,,,,,,,,,,,,,,,,,,,,,,,,,,,,,None,0,201.58538879999998,None,201.48546360000006,204.4864902,204.58657339999996,None,,,,,,,,,,,,,,,,,,,,,JuanSaavedra,001,2022-12-06_13h27.22.241,PruebaGabor2,2022.1.3,59.975625905633486,
6.01842108155121,124.970499761804,A,left,0.030092105407756052,6,0,2,2,2,,,,,,,,,,,,,,,,,,,,,,,,,,,,,,right,0,205.77012259999998,None,205.6701261,None,207.40379160000003,None,1.6088020999999912,,,,,,,,,,,,,,,,,,,,JuanSaavedra,001,2022-12-06_13h27.22.241,PruebaGabor2,2022.1.3,59.975625905633486,
5.59991295731731,123.659377025703,A,left,0.027999564786586547,3,0,3,3,3,,,,,,,,,,,,,,,,,,,,,,,,,,,,,,left,1,208.5874008,None,208.48749560000005,None,208.9054875,None,0.28877820000008114,,,,,,,,,,,,,,,,,,,,JuanSaavedra,001,2022-12-06_13h27.22.241,PruebaGabor2,2022.1.3,59.975625905633486,
5.86000675504161,125.097810493697,A,left,0.02930003377520805,10,0,4,4,4,,,,,,,,,,,,,,,,,,,,,,,,,,,,,,left,1,210.08837469999997,None,209.98830630000003,None,210.95528050000001,None,0.8428207000000043,,,,,,,,,,,,,,,,,,,,JuanSaavedra,001,2022-12-06_13h27.22.241,PruebaGabor2,2022.1.3,59.975625905633486,
6.97351028243891,124.811887846181,B,right,0.034867551412194546,2,0,5,5,5,,,,,,,,,,,,,,,,,,,,,,,,,,,,,,right,1,212.13878419999998,None,212.03892990000003,None,213.18909650000006,None,1.0319689999999468,,,,,,,,,,,,,,,,,,,,JuanSaavedra,001,2022-12-06_13h27.22.241,PruebaGabor2,2022.1.3,59.975625905633486,
6.70154405694418,124.752281469682,B,right,0.033507720284720904,9,0,6,6,6,,,,,,,,,,,,,,,,,,,,,,,,,,,,,,right,1,214.37293730000005,None,214.27302279999998,None,215.25663379999997,None,0.8619275000000357,,,,,,,,,,,,,,,,,,,,JuanSaavedra,001,2022-12-06_13h27.22.241,PruebaGabor2,2022.1.3,59.975625905633486,
6.70252114110423,125.631939944495,B,right,0.03351260570552115,7,0,7,7,7,,,,,,,,,,,,,,,,,,,,,,,,,,,,,,right,1,216.44034820000007,None,216.34027559999998,None,217.09059329999997,None,0.6268568999999502,,,,,,,,,,,,,,,,,,,,JuanSaavedra,001,2022-12-06_13h27.22.241,PruebaGabor2,2022.1.3,59.975625905633486,
7.04733241547937,123.230512019733,B,right,0.03523666207739685,5,0,8,8,8,,,,,,,,,,,,,,,,,,,,,,,,,,,,,,right,1,218.27426229999998,None,218.17426530000006,None,219.10790079999998,None,0.8090282000000002,,,,,,,,,,,,,,,,,,,,JuanSaavedra,001,2022-12-06_13h27.22.241,PruebaGabor2,2022.1.3,59.975625905633486,
6.79460937138033,126.741118380059,B,right,0.033973046856901654,8,0,9,9,9,,,,,,,,,,,,,,,,,,,,,,,,,,,,,,right,1,220.29177299999998,None,220.1917166,None,221.2928986,None,0.9747424000000251,,,,,,,,,,,,,,,,,,,,JuanSaavedra,001,2022-12-06_13h27.22.241,PruebaGabor2,2022.1.3,59.975625905633486,
,,,,,,,,,,,,,,,,,,,,,,,,,,,,,,,,,,,,,,,,,,,,,,,,222.7922772,None,space,2.9743623999999613,223.292482,None,,,,,,,,,,,,,,JuanSaavedra,001,2022-12-06_13h27.22.241,PruebaGabor2,2022.1.3,59.975625905633486,
6.93234125901961,125.924868165109,F,right,0.03466170629509805,1,,,,,0,0,0,0,,,,,,,,,,,,,,,,,,,,,,,,,,,,,,,,,,,,,,,,,226.39299239999997,None,right,1,1.2853097000000275,226.49317420000006,None,227.81150940000003,None,,,,,JuanSaavedra,001,2022-12-06_13h27.22.241,PruebaGabor2,2022.1.3,59.975625905633486,
7.02497359482055,122.628624380508,F,right,0.035124867974102754,2,,,,,0,1,1,1,,,,,,,,,,,,,,,,,,,,,,,,,,,,,,,,,,,,,,,,,228.89423530000005,None,left,0,0.43313910000000533,228.99416550000007,None,229.4446416,None,,,,,JuanSaavedra,001,2022-12-06_13h27.22.241,PruebaGabor2,2022.1.3,59.975625905633486,
6.60367058960161,122.972561364095,F,right,0.033018352948008055,3,,,,,0,2,2,2,,,,,,,,,,,,,,,,,,,,,,,,,,,,,,,,,,,,,,,,,230.52782429999996,None,right,1,0.43901319999991983,230.62800710000005,None,231.09484479999998,None,,,,,JuanSaavedra,001,2022-12-06_13h27.22.241,PruebaGabor2,2022.1.3,59.975625905633486,
6.09987877706183,125.373371597183,E,left,0.030499393885309152,4,,,,,0,3,3,3,,,,,,,,,,,,,,,,,,,,,,,,,,,,,,,,,,,,,,,,,232.17848329999998,None,left,1,0.8293130000000133,232.27877370000004,None,233.12887040000004,None,,,,,JuanSaavedra,001,2022-12-06_13h27.22.241,PruebaGabor2,2022.1.3,59.975625905633486,
5.99246984832617,128.207849823814,E,left,0.02996234924163085,5,,,,,0,4,4,4,,,,,,,,,,,,,,,,,,,,,,,,,,,,,,,,,,,,,,,,,234.21250100000003,None,right,0,0.457974800000045,234.31252080000007,None,234.79613360000002,None,,,,,JuanSaavedra,001,2022-12-06_13h27.22.241,PruebaGabor2,2022.1.3,59.975625905633486,
5.97116825735348,117.721009455833,E,left,0.029855841286767403,6,,,,,0,5,5,5,,,,,,,,,,,,,,,,,,,,,,,,,,,,,,,,,,,,,,,,,235.87964690000007,None,left,1,0.4313687000000641,235.97986210000005,None,236.43000739999997,None,,,,,JuanSaavedra,001,2022-12-06_13h27.22.241,PruebaGabor2,2022.1.3,59.975625905633486,
6.73943488968302,125.807525046009,F,right,0.0336971744484151,7,,,,,0,6,6,6,,,,,,,,,,,,,,,,,,,,,,,,,,,,,,,,,,,,,,,,,237.51347749999996,None,left,0,0.7331760999999801,237.61358020000006,None,238.36395350000004,None,,,,,JuanSaavedra,001,2022-12-06_13h27.22.241,PruebaGabor2,2022.1.3,59.975625905633486,
7.10539554110955,131.136658346503,F,right,0.035526977705547746,8,,,,,0,7,7,7,,,,,,,,,,,,,,,,,,,,,,,,,,,,,,,,,,,,,,,,,239.44737190000006,None,right,1,0.34314860000000635,239.54759359999997,None,239.91417989999997,None,,,,,JuanSaavedra,001,2022-12-06_13h27.22.241,PruebaGabor2,2022.1.3,59.975625905633486,
6.12217460351626,126.097885466808,E,left,0.0306108730175813,9,,,,,0,8,8,8,,,,,,,,,,,,,,,,,,,,,,,,,,,,,,,,,,,,,,,,,240.99744820000006,None,right,0,0.7293751999999927,241.09760109999996,None,241.848047,None,,,,,JuanSaavedra,001,2022-12-06_13h27.22.241,PruebaGabor2,2022.1.3,59.975625905633486,
5.56505551233152,123.664663304171,E,left,0.0278252775616576,10,,,,,0,9,9,9,,,,,,,,,,,,,,,,,,,,,,,,,,,,,,,,,,,,,,,,,242.9315165,None,left,1,0.7074630000000184,243.03151099999997,None,243.76518419999996,None,,,,,JuanSaavedra,001,2022-12-06_13h27.22.241,PruebaGabor2,2022.1.3,59.975625905633486,
5.91037757272398,127.915093901674,E,left,0.0295518878636199,11,,,,,0,10,10,10,,,,,,,,,,,,,,,,,,,,,,,,,,,,,,,,,,,,,,,,,244.84912530000003,None,right,0,0.6048473999999828,244.9495265,None,245.58924710000002,None,,,,,JuanSaavedra,001,2022-12-06_13h27.22.241,PruebaGabor2,2022.1.3,59.975625905633486,
5.52075126243115,123.72341354159,E,left,0.027603756312155753,12,,,,,0,11,11,11,,,,,,,,,,,,,,,,,,,,,,,,,,,,,,,,,,,,,,,,,246.6829515,None,left,1,0.23550919999996722,246.78305340000003,None,247.0497754,None,,,,,JuanSaavedra,001,2022-12-06_13h27.22.241,PruebaGabor2,2022.1.3,59.975625905633486,
5.8665988200787,125.853730678291,E,left,0.0293329941003935,13,,,,,0,12,12,12,,,,,,,,,,,,,,,,,,,,,,,,,,,,,,,,,,,,,,,,,248.13353380000007,None,left,1,1.001191399999982,248.23354009999997,None,249.26713079999996,None,,,,,JuanSaavedra,001,2022-12-06_13h27.22.241,PruebaGabor2,2022.1.3,59.975625905633486,
7.37386481574254,126.306325176555,F,right,0.036869324078712705,14,,,,,0,13,13,13,,,,,,,,,,,,,,,,,,,,,,,,,,,,,,,,,,,,,,,,,250.35083390000005,None,right,1,0.5198619000000804,250.4509403,None,251.00116410000004,None,,,,,JuanSaavedra,001,2022-12-06_13h27.22.241,PruebaGabor2,2022.1.3,59.975625905633486,
5.96688980474568,123.797748594863,E,left,0.0298344490237284,15,,,,,0,14,14,14,,,,,,,,,,,,,,,,,,,,,,,,,,,,,,,,,,,,,,,,,252.08454490000003,None,left,1,0.9940528999999856,252.1847568,None,253.20184039999998,None,,,,,JuanSaavedra,001,2022-12-06_13h27.22.241,PruebaGabor2,2022.1.3,59.975625905633486,
5.7013744269325,128.137344407076,E,left,0.028506872134662502,16,,,,,0,15,15,15,,,,,,,,,,,,,,,,,,,,,,,,,,,,,,,,,,,,,,,,,254.28555090000003,None,left,1,0.650230800000088,254.38537730000002,None,255.05225409999997,None,,,,,JuanSaavedra,001,2022-12-06_13h27.22.241,PruebaGabor2,2022.1.3,59.975625905633486,
6.58545731939056,125.288952448838,F,right,0.0329272865969528,17,,,,,0,16,16,16,,,,,,,,,,,,,,,,,,,,,,,,,,,,,,,,,,,,,,,,,256.1360656,None,right,1,0.5418765000000008,256.2367955,None,256.8025224,None,,,,,JuanSaavedra,001,2022-12-06_13h27.22.241,PruebaGabor2,2022.1.3,59.975625905633486,
5.9502117142683,130.040868197316,E,left,0.0297510585713415,18,,,,,0,17,17,17,,,,,,,,,,,,,,,,,,,,,,,,,,,,,,,,,,,,,,,,,257.8862919,None,left,1,1.001114300000097,257.98632060000006,None,259.02048570000005,None,,,,,JuanSaavedra,001,2022-12-06_13h27.22.241,PruebaGabor2,2022.1.3,59.975625905633486,
6.88953147079655,126.051099538978,F,right,0.03444765735398275,19,,,,,0,18,18,18,,,,,,,,,,,,,,,,,,,,,,,,,,,,,,,,,,,,,,,,,260.1038318,None,right,1,0.527997599999992,260.2035526,None,260.7547507,None,,,,,JuanSaavedra,001,2022-12-06_13h27.22.241,PruebaGabor2,2022.1.3,59.975625905633486,
5.91111146124838,123.732709570874,E,left,0.0295555573062419,20,,,,,0,19,19,19,,,,,,,,,,,,,,,,,,,,,,,,,,,,,,,,,,,,,,,,,261.83746490000004,None,left,1,0.6023243000000207,261.93750890000007,None,262.57128130000007,None,,,,,JuanSaavedra,001,2022-12-06_13h27.22.241,PruebaGabor2,2022.1.3,59.975625905633486,
6.99093214046861,123.997920213209,F,right,0.03495466070234305,21,,,,,0,20,20,20,,,,,,,,,,,,,,,,,,,,,,,,,,,,,,,,,,,,,,,,,263.65497010000007,None,right,1,0.5916978000000768,263.75508859999997,None,264.37201110000007,None,,,,,JuanSaavedra,001,2022-12-06_13h27.22.241,PruebaGabor2,2022.1.3,59.975625905633486,
5.82216087353878,125.36108174198,E,left,0.0291108043676939,22,,,,,0,21,21,21,,,,,,,,,,,,,,,,,,,,,,,,,,,,,,,,,,,,,,,,,265.45542600000005,None,left,1,0.44716869999996334,265.5553558,None,266.02235320000005,None,,,,,JuanSaavedra,001,2022-12-06_13h27.22.241,PruebaGabor2,2022.1.3,59.975625905633486,
6.16927851208027,124.634772531809,E,left,0.03084639256040135,23,,,,,0,22,22,22,,,,,,,,,,,,,,,,,,,,,,,,,,,,,,,,,,,,,,,,,267.10607899999997,None,left,1,0.7490163000000507,267.205982,None,267.9730913,None,,,,,JuanSaavedra,001,2022-12-06_13h27.22.241,PruebaGabor2,2022.1.3,59.975625905633486,
7.10714202626223,125.130423058653,F,right,0.035535710131311155,24,,,,,0,23,23,23,,,,,,,,,,,,,,,,,,,,,,,,,,,,,,,,,,,,,,,,,269.05670019999997,None,right,1,0.4303922999999372,269.15662860000003,None,269.60696939999997,None,,,,,JuanSaavedra,001,2022-12-06_13h27.22.241,PruebaGabor2,2022.1.3,59.975625905633486,
6.73265051773132,128.52238170251,F,right,0.0336632525886566,25,,,,,0,24,24,24,,,,,,,,,,,,,,,,,,,,,,,,,,,,,,,,,,,,,,,,,270.6904165,None,right,1,1.2119647999999756,270.7906641,None,272.02428019999996,None,,,,,JuanSaavedra,001,2022-12-06_13h27.22.241,PruebaGabor2,2022.1.3,59.975625905633486,
7.02640523744123,124.322837810942,F,right,0.03513202618720615,26,,,,,0,25,25,25,,,,,,,,,,,,,,,,,,,,,,,,,,,,,,,,,,,,,,,,,273.1081612,None,right,1,0.4679256999999666,273.20822100000004,None,273.7076331,None,,,,,JuanSaavedra,001,2022-12-06_13h27.22.241,PruebaGabor2,2022.1.3,59.975625905633486,
6.92637689199021,121.264987338989,F,right,0.03463188445995105,27,,,,,0,26,26,26,,,,,,,,,,,,,,,,,,,,,,,,,,,,,,,,,,,,,,,,,274.7915589,None,right,1,0.5118068999999537,274.8919074,None,275.42497700000007,None,,,,,JuanSaavedra,001,2022-12-06_13h27.22.241,PruebaGabor2,2022.1.3,59.975625905633486,
6.92771122384602,127.420075185906,F,right,0.0346385561192301,28,,,,,0,27,27,27,,,,,,,,,,,,,,,,,,,,,,,,,,,,,,,,,,,,,,,,,276.5091798,None,right,1,0.5379184000000237,276.6086853,None,277.1756439,None,,,,,JuanSaavedra,001,2022-12-06_13h27.22.241,PruebaGabor2,2022.1.3,59.975625905633486,
5.82965555515823,121.362896245264,E,left,0.02914827777579115,29,,,,,0,28,28,28,,,,,,,,,,,,,,,,,,,,,,,,,,,,,,,,,,,,,,,,,278.2595173,None,left,1,0.570919300000071,278.35954640000006,None,278.95977550000003,None,,,,,JuanSaavedra,001,2022-12-06_13h27.22.241,PruebaGabor2,2022.1.3,59.975625905633486,
6.04573357235965,120.789364395402,E,left,0.030228667861798248,30,,,,,0,29,29,29,,,,,,,,,,,,,,,,,,,,,,,,,,,,,,,,,,,,,,,,,280.0436457,None,left,1,0.49162370000004785,280.14355359999996,None,280.6603012,None,,,,,JuanSaavedra,001,2022-12-06_13h27.22.241,PruebaGabor2,2022.1.3,59.975625905633486,
5.92769951728615,125.272196114664,E,left,0.02963849758643075,31,,,,,0,30,30,30,,,,,,,,,,,,,,,,,,,,,,,,,,,,,,,,,,,,,,,,,281.7439668,None,left,1,0.5672926000000302,281.8439484,None,282.44404720000006,None,,,,,JuanSaavedra,001,2022-12-06_13h27.22.241,PruebaGabor2,2022.1.3,59.975625905633486,
6.19147311049652,124.003168840549,E,left,0.0309573655524826,32,,,,,0,31,31,31,,,,,,,,,,,,,,,,,,,,,,,,,,,,,,,,,,,,,,,,,283.52756130000006,None,left,1,0.8636084000000324,283.6277485,None,284.51260940000003,None,,,,,JuanSaavedra,001,2022-12-06_13h27.22.241,PruebaGabor2,2022.1.3,59.975625905633486,
5.73875841743782,122.809304341189,E,left,0.0286937920871891,33,,,,,0,32,32,32,,,,,,,,,,,,,,,,,,,,,,,,,,,,,,,,,,,,,,,,,285.5954859,None,left,1,0.5077327000000764,285.69541940000005,None,286.2288487,None,,,,,JuanSaavedra,001,2022-12-06_13h27.22.241,PruebaGabor2,2022.1.3,59.975625905633486,
5.72907568575406,129.000322287173,E,left,0.0286453784287703,34,,,,,0,33,33,33,,,,,,,,,,,,,,,,,,,,,,,,,,,,,,,,,,,,,,,,,287.31202790000003,None,left,1,0.6623043000000166,287.4121578,None,288.0955839,None,,,,,JuanSaavedra,001,2022-12-06_13h27.22.241,PruebaGabor2,2022.1.3,59.975625905633486,
6.7190236530122,123.237058412498,F,right,0.033595118265061,35,,,,,0,34,34,34,,,,,,,,,,,,,,,,,,,,,,,,,,,,,,,,,,,,,,,,,289.17926800000004,None,right,1,0.6429891999999313,289.27930800000007,None,289.94621120000005,None,,,,,JuanSaavedra,001,2022-12-06_13h27.22.241,PruebaGabor2,2022.1.3,59.975625905633486,
6.69623359879928,121.338799557726,F,right,0.0334811679939964,36,,,,,0,35,35,35,,,,,,,,,,,,,,,,,,,,,,,,,,,,,,,,,,,,,,,,,291.0299789,None,right,1,0.40833990000004405,291.13001049999997,None,291.5633926,None,,,,,JuanSaavedra,001,2022-12-06_13h27.22.241,PruebaGabor2,2022.1.3,59.975625905633486,
7.03435382452649,121.214992388902,F,right,0.03517176912263245,37,,,,,0,36,36,36,,,,,,,,,,,,,,,,,,,,,,,,,,,,,,,,,,,,,,,,,292.6470976,None,right,1,0.3598976000000107,292.74714539999997,None,293.13054530000005,None,,,,,JuanSaavedra,001,2022-12-06_13h27.22.241,PruebaGabor2,2022.1.3,59.975625905633486,
6.01504039044082,122.141261329445,E,left,0.0300752019522041,38,,,,,0,37,37,37,,,,,,,,,,,,,,,,,,,,,,,,,,,,,,,,,,,,,,,,,294.21432810000005,None,left,1,0.4807810000000359,294.3144051,None,294.8145503,None,,,,,JuanSaavedra,001,2022-12-06_13h27.22.241,PruebaGabor2,2022.1.3,59.975625905633486,
6.99445550840864,124.679166141761,F,right,0.0349722775420432,39,,,,,0,38,38,38,,,,,,,,,,,,,,,,,,,,,,,,,,,,,,,,,,,,,,,,,295.89822480000004,None,right,1,0.5404384999999934,295.9983018,None,296.56596429999996,None,,,,,JuanSaavedra,001,2022-12-06_13h27.22.241,PruebaGabor2,2022.1.3,59.975625905633486,
6.19298125039768,126.10761504368,E,left,0.0309649062519884,40,,,,,0,39,39,39,,,,,,,,,,,,,,,,,,,,,,,,,,,,,,,,,,,,,,,,,297.64873700000004,None,left,1,0.5176673999999934,297.7487041,None,298.29918630000003,None,,,,,JuanSaavedra,001,2022-12-06_13h27.22.241,PruebaGabor2,2022.1.3,59.975625905633486,
6.86652736200711,126.319753297367,F,right,0.03433263681003555,41,,,,,0,40,40,40,,,,,,,,,,,,,,,,,,,,,,,,,,,,,,,,,,,,,,,,,299.3828402,None,right,1,0.35310590000000275,299.48272349999996,None,299.86621510000003,None,,,,,JuanSaavedra,001,2022-12-06_13h27.22.241,PruebaGabor2,2022.1.3,59.975625905633486,
6.0265706931507,120.167692799951,E,left,0.0301328534657535,42,,,,,0,41,41,41,,,,,,,,,,,,,,,,,,,,,,,,,,,,,,,,,,,,,,,,,300.9493153,None,left,1,0.5373999000000254,301.04937079999996,None,301.61621570000005,None,,,,,JuanSaavedra,001,2022-12-06_13h27.22.241,PruebaGabor2,2022.1.3,59.975625905633486,
7.02088680300604,126.27240311488,F,right,0.0351044340150302,43,,,,,0,42,42,42,,,,,,,,,,,,,,,,,,,,,,,,,,,,,,,,,,,,,,,,,302.6999613,None,right,1,0.4903272000000811,302.80027020000006,None,303.31713900000005,None,,,,,JuanSaavedra,001,2022-12-06_13h27.22.241,PruebaGabor2,2022.1.3,59.975625905633486,
7.00019864445886,120.13825962872,F,right,0.0350009932222943,44,,,,,0,43,43,43,,,,,,,,,,,,,,,,,,,,,,,,,,,,,,,,,,,,,,,,,304.4010764,None,right,1,0.47821930000003476,304.5010543,None,305.00111699999997,None,,,,,JuanSaavedra,001,2022-12-06_13h27.22.241,PruebaGabor2,2022.1.3,59.975625905633486,
6.78855301886482,123.604426673208,F,right,0.033942765094324104,45,,,,,0,44,44,44,,,,,,,,,,,,,,,,,,,,,,,,,,,,,,,,,,,,,,,,,306.0850277,None,right,1,0.37021989999999505,306.18469640000006,None,306.58512,None,,,,,JuanSaavedra,001,2022-12-06_13h27.22.241,PruebaGabor2,2022.1.3,59.975625905633486,
6.91691295700039,122.267645826549,F,right,0.03458456478500195,46,,,,,0,45,45,45,,,,,,,,,,,,,,,,,,,,,,,,,,,,,,,,,,,,,,,,,307.668873,None,right,1,0.3221895999999447,307.76879720000005,None,308.11855440000005,None,,,,,JuanSaavedra,001,2022-12-06_13h27.22.241,PruebaGabor2,2022.1.3,59.975625905633486,
6.23949990267797,128.9771791325,E,left,0.03119749951338985,47,,,,,0,46,46,46,,,,,,,,,,,,,,,,,,,,,,,,,,,,,,,,,,,,,,,,,309.2023287,None,left,1,0.5405851000001007,309.30240970000006,None,309.86928730000005,None,,,,,JuanSaavedra,001,2022-12-06_13h27.22.241,PruebaGabor2,2022.1.3,59.975625905633486,
6.01183958654925,127.354086641192,E,left,0.03005919793274625,48,,,,,0,47,47,47,,,,,,,,,,,,,,,,,,,,,,,,,,,,,,,,,,,,,,,,,310.95280470000006,None,left,1,0.4552395000000047,311.0529753,None,311.5369043,None,,,,,JuanSaavedra,001,2022-12-06_13h27.22.241,PruebaGabor2,2022.1.3,59.975625905633486,
6.90234581194862,119.515305309963,F,right,0.0345117290597431,49,,,,,0,48,48,48,,,,,,,,,,,,,,,,,,,,,,,,,,,,,,,,,,,,,,,,,312.62022570000005,None,right,1,0.5066774000000009,312.72039910000007,None,313.2539907,None,,,,,JuanSaavedra,001,2022-12-06_13h27.22.241,PruebaGabor2,2022.1.3,59.975625905633486,
6.97482282425021,121.994937831578,F,right,0.03487411412125105,50,,,,,0,49,49,49,,,,,,,,,,,,,,,,,,,,,,,,,,,,,,,,,,,,,,,,,314.3376318,None,right,1,0.3729176999999595,314.43759289999997,None,314.83756439999996,None,,,,,JuanSaavedra,001,2022-12-06_13h27.22.241,PruebaGabor2,2022.1.3,59.975625905633486,
6.91268726289996,125.954656637743,F,right,0.0345634363144998,51,,,,,0,50,50,50,,,,,,,,,,,,,,,,,,,,,,,,,,,,,,,,,,,,,,,,,315.9211766,None,right,1,0.40516829999995707,316.02126160000006,None,316.4546847,None,,,,,JuanSaavedra,001,2022-12-06_13h27.22.241,PruebaGabor2,2022.1.3,59.975625905633486,
5.99184813482006,123.00963086321,E,left,0.0299592406741003,52,,,,,0,51,51,51,,,,,,,,,,,,,,,,,,,,,,,,,,,,,,,,,,,,,,,,,317.5384645,None,left,1,0.44500519999991184,317.63855430000007,None,318.10541230000007,None,,,,,JuanSaavedra,001,2022-12-06_13h27.22.241,PruebaGabor2,2022.1.3,59.975625905633486,
5.77172637679455,127.677354138101,E,left,0.028858631883972752,53,,,,,0,52,52,52,,,,,,,,,,,,,,,,,,,,,,,,,,,,,,,,,,,,,,,,,319.18904649999996,None,left,1,0.3857436999999777,319.28908359999997,None,319.70547230000005,None,,,,,JuanSaavedra,001,2022-12-06_13h27.22.241,PruebaGabor2,2022.1.3,59.975625905633486,
5.81687525787871,120.965118659011,E,left,0.02908437628939355,54,,,,,0,53,53,53,,,,,,,,,,,,,,,,,,,,,,,,,,,,,,,,,,,,,,,,,320.78936330000005,None,left,1,0.3862922999999796,320.88933520000006,None,321.3061084,None,,,,,JuanSaavedra,001,2022-12-06_13h27.22.241,PruebaGabor2,2022.1.3,59.975625905633486,
6.6722371491463,125.794801607246,F,right,0.0333611857457315,55,,,,,0,54,54,54,,,,,,,,,,,,,,,,,,,,,,,,,,,,,,,,,,,,,,,,,322.3899352,None,right,1,0.8893811999999457,322.48939090000005,None,323.4067621,None,,,,,JuanSaavedra,001,2022-12-06_13h27.22.241,PruebaGabor2,2022.1.3,59.975625905633486,
6.10024624735304,130.947377281703,E,left,0.030501231236765198,56,,,,,0,55,55,55,,,,,,,,,,,,,,,,,,,,,,,,,,,,,,,,,,,,,,,,,324.49041330000006,None,left,1,0.5895641999999839,324.58978900000005,None,325.2083885,None,,,,,JuanSaavedra,001,2022-12-06_13h27.22.241,PruebaGabor2,2022.1.3,59.975625905633486,
6.83118688971373,123.385744243575,F,right,0.03415593444856865,57,,,,,0,56,56,56,,,,,,,,,,,,,,,,,,,,,,,,,,,,,,,,,,,,,,,,,326.30745240000005,None,right,1,0.5466915000000085,326.40792719999996,None,326.97462650000006,None,,,,,JuanSaavedra,001,2022-12-06_13h27.22.241,PruebaGabor2,2022.1.3,59.975625905633486,
5.8368319370317,125.549645514443,E,left,0.0291841596851585,58,,,,,0,57,57,57,,,,,,,,,,,,,,,,,,,,,,,,,,,,,,,,,,,,,,,,,328.0584587,None,left,1,0.41997020000002294,328.1583557000001,None,328.608857,None,,,,,JuanSaavedra,001,2022-12-06_13h27.22.241,PruebaGabor2,2022.1.3,59.975625905633486,
5.95100882503604,127.432257063602,E,left,0.0297550441251802,59,,,,,0,58,58,58,,,,,,,,,,,,,,,,,,,,,,,,,,,,,,,,,,,,,,,,,329.692209,None,left,1,0.3704667000000086,329.7924672,None,330.19252120000004,None,,,,,JuanSaavedra,001,2022-12-06_13h27.22.241,PruebaGabor2,2022.1.3,59.975625905633486,
5.98250552316154,127.92025992781,E,left,0.029912527615807698,60,,,,,0,59,59,59,,,,,,,,,,,,,,,,,,,,,,,,,,,,,,,,,,,,,,,,,331.275909,None,left,1,0.41915280000006305,331.3758264,None,331.825726,None,,,,,JuanSaavedra,001,2022-12-06_13h27.22.241,PruebaGabor2,2022.1.3,59.975625905633486,
6.47093029057188,130.277049532513,F,right,0.0323546514528594,61,,,,,0,60,60,60,,,,,,,,,,,,,,,,,,,,,,,,,,,,,,,,,,,,,,,,,332.91007429999996,None,right,1,0.3770513000000051,333.00995570000003,None,333.41016329999997,None,,,,,JuanSaavedra,001,2022-12-06_13h27.22.241,PruebaGabor2,2022.1.3,59.975625905633486,
5.92590084284648,129.044650259268,E,left,0.0296295042142324,62,,,,,0,61,61,61,,,,,,,,,,,,,,,,,,,,,,,,,,,,,,,,,,,,,,,,,334.4936462,None,right,0,0.6253174000000286,334.593502,None,335.2438544,None,,,,,JuanSaavedra,001,2022-12-06_13h27.22.241,PruebaGabor2,2022.1.3,59.975625905633486,
6.83891159438045,125.532370569108,F,right,0.034194557971902254,63,,,,,0,62,62,62,,,,,,,,,,,,,,,,,,,,,,,,,,,,,,,,,,,,,,,,,336.3275782,None,right,1,0.6553603000000408,336.42774620000006,None,337.1112774,None,,,,,JuanSaavedra,001,2022-12-06_13h27.22.241,PruebaGabor2,2022.1.3,59.975625905633486,
7.02484224758622,125.928257615561,F,right,0.0351242112379311,64,,,,,0,63,63,63,,,,,,,,,,,,,,,,,,,,,,,,,,,,,,,,,,,,,,,,,338.1944272,None,right,1,0.5323248999999919,338.2944568,None,338.8453004,None,,,,,JuanSaavedra,001,2022-12-06_13h27.22.241,PruebaGabor2,2022.1.3,59.975625905633486,
5.7211608488032,125.80287459089,E,left,0.028605804244016,65,,,,,0,64,64,64,,,,,,,,,,,,,,,,,,,,,,,,,,,,,,,,,,,,,,,,,339.9288844000001,None,left,1,0.5823188999999616,340.02880020000003,None,340.6289801,None,,,,,JuanSaavedra,001,2022-12-06_13h27.22.241,PruebaGabor2,2022.1.3,59.975625905633486,
6.73415485600811,122.846303018576,F,right,0.03367077428004055,66,,,,,0,65,65,65,,,,,,,,,,,,,,,,,,,,,,,,,,,,,,,,,,,,,,,,,341.71204960000006,None,right,1,0.5912033999999835,341.81209040000005,None,342.4288687,None,,,,,JuanSaavedra,001,2022-12-06_13h27.22.241,PruebaGabor2,2022.1.3,59.975625905633486,
6.9512019778111,124.498524996137,F,right,0.0347560098890555,67,,,,,0,66,66,66,,,,,,,,,,,,,,,,,,,,,,,,,,,,,,,,,,,,,,,,,343.51313640000006,None,right,1,0.469380899999976,343.6131251,None,344.1135079,None,,,,,JuanSaavedra,001,2022-12-06_13h27.22.241,PruebaGabor2,2022.1.3,59.975625905633486,
6.92531715916932,128.309224105459,F,right,0.0346265857958466,68,,,,,0,67,67,67,,,,,,,,,,,,,,,,,,,,,,,,,,,,,,,,,,,,,,,,,345.19699840000004,None,right,1,0.49814589999999725,345.29713399999997,None,345.81401210000007,None,,,,,JuanSaavedra,001,2022-12-06_13h27.22.241,PruebaGabor2,2022.1.3,59.975625905633486,
5.95605583737357,124.65090693016,E,left,0.029780279186867847,69,,,,,0,68,68,68,,,,,,,,,,,,,,,,,,,,,,,,,,,,,,,,,,,,,,,,,346.89752749999997,None,left,1,0.6293703999999138,346.9978277000001,None,347.6479606,None,,,,,JuanSaavedra,001,2022-12-06_13h27.22.241,PruebaGabor2,2022.1.3,59.975625905633486,
6.39964358711914,123.888931611966,F,right,0.0319982179355957,70,,,,,0,69,69,69,,,,,,,,,,,,,,,,,,,,,,,,,,,,,,,,,,,,,,,,,348.7314128,None,right,1,0.7156274999999255,348.83146719999996,None,349.565217,None,,,,,JuanSaavedra,001,2022-12-06_13h27.22.241,PruebaGabor2,2022.1.3,59.975625905633486,
6.79614382213373,128.195309932533,F,right,0.03398071911066865,71,,,,,0,70,70,70,,,,,,,,,,,,,,,,,,,,,,,,,,,,,,,,,,,,,,,,,350.6490796,None,right,1,0.4134475999999836,350.74888390000007,None,351.18234550000005,None,,,,,JuanSaavedra,001,2022-12-06_13h27.22.241,PruebaGabor2,2022.1.3,59.975625905633486,
5.8727902801655,122.569326878337,E,left,0.0293639514008275,72,,,,,0,71,71,71,,,,,,,,,,,,,,,,,,,,,,,,,,,,,,,,,,,,,,,,,352.2657052,None,left,1,0.3725092000000245,352.3657602,None,352.76586060000005,None,,,,,JuanSaavedra,001,2022-12-06_13h27.22.241,PruebaGabor2,2022.1.3,59.975625905633486,
6.91217159505499,126.198046923528,F,right,0.03456085797527495,73,,,,,0,72,72,72,,,,,,,,,,,,,,,,,,,,,,,,,,,,,,,,,,,,,,,,,353.8495475,None,right,1,0.3730646999999294,353.9495411,None,354.3500942,None,,,,,JuanSaavedra,001,2022-12-06_13h27.22.241,PruebaGabor2,2022.1.3,59.975625905633486,
6.00740511029368,128.508014703594,E,left,0.0300370255514684,74,,,,,0,73,73,73,,,,,,,,,,,,,,,,,,,,,,,,,,,,,,,,,,,,,,,,,355.43357900000007,None,left,1,0.5413235999999984,355.53358270000007,None,356.1004314,None,,,,,JuanSaavedra,001,2022-12-06_13h27.22.241,PruebaGabor2,2022.1.3,59.975625905633486,
6.64834452440136,125.767035799312,F,right,0.0332417226220068,75,,,,,0,74,74,74,,,,,,,,,,,,,,,,,,,,,,,,,,,,,,,,,,,,,,,,,357.18384770000006,None,right,1,0.67890129999995,357.2836551,None,357.9854723,None,,,,,JuanSaavedra,001,2022-12-06_13h27.22.241,PruebaGabor2,2022.1.3,59.975625905633486,
6.06922945023306,129.213994206218,E,left,0.030346147251165297,76,,,,,0,75,75,75,,,,,,,,,,,,,,,,,,,,,,,,,,,,,,,,,,,,,,,,,359.08418850000004,None,right,0,0.4027772000000027,359.1843002,None,359.62183770000007,None,,,,,JuanSaavedra,001,2022-12-06_13h27.22.241,PruebaGabor2,2022.1.3,59.975625905633486,
6.69940944874616,124.102970980877,F,right,0.0334970472437308,77,,,,,0,76,76,76,,,,,,,,,,,,,,,,,,,,,,,,,,,,,,,,,,,,,,,,,360.7183756,None,right,1,0.7680262999999172,360.81832449999996,None,361.61851440000004,None,,,,,JuanSaavedra,001,2022-12-06_13h27.22.241,PruebaGabor2,2022.1.3,59.975625905633486,
6.82954088763419,122.046614678865,F,right,0.03414770443817095,78,,,,,0,77,77,77,,,,,,,,,,,,,,,,,,,,,,,,,,,,,,,,,,,,,,,,,362.70210590000005,None,right,1,0.5919156000000498,362.80244380000005,None,363.41955420000005,None,,,,,JuanSaavedra,001,2022-12-06_13h27.22.241,PruebaGabor2,2022.1.3,59.975625905633486,
6.05371773833515,123.632055109417,E,left,0.03026858869167575,79,,,,,0,78,78,78,,,,,,,,,,,,,,,,,,,,,,,,,,,,,,,,,,,,,,,,,364.5029814,None,left,1,0.5034287999999947,364.6030199,None,365.13666040000004,None,,,,,JuanSaavedra,001,2022-12-06_13h27.22.241,PruebaGabor2,2022.1.3,59.975625905633486,
5.91829071551083,119.511652627613,E,left,0.02959145357755415,80,,,,,0,79,79,79,,,,,,,,,,,,,,,,,,,,,,,,,,,,,,,,,,,,,,,,,366.2204222,None,left,1,0.5781430000000114,366.3203726,None,366.9205241,None,,,,,JuanSaavedra,001,2022-12-06_13h27.22.241,PruebaGabor2,2022.1.3,59.975625905633486,
,,,,,,,,,,,,,,,,,,,,,,,,,,,,,,,,,,,,,,,,,,,,,,,,,,,,,,,,,,,,,,,368.4708665,None,368.4708665,None,,,,,,,
